Nome,Linguagem primária,Quantidade de stars,Watchers,Data de criação,Quantidade de forks,Lines of Code,URL
system-design-primer, Python, 86210, 4488, 2017-02-26, 14099, 1062, https://github.com/donnemartin/system-design-primer
awesome-python, Python, 80729, 5202, 2014-06-27, 15115, 82, https://github.com/vinta/awesome-python
public-apis, Python, 73056, 2106, 2016-03-20, 7960, 223, https://github.com/public-apis/public-apis
Python, Python, 68968, 3440, 2016-07-16, 20442, 35612, https://github.com/TheAlgorithms/Python
youtube-dl, Python, 63537, 1841, 2010-10-31, 10749, 8166, https://github.com/ytdl-org/youtube-dl
models, Python, 62679, 2991, 2016-02-05, 37972, 389732, https://github.com/tensorflow/models
thefuck, Python, 52730, 820, 2015-04-08, 2539, 14101, https://github.com/nvbn/thefuck
flask, Python, 49651, 2272, 2010-04-06, 13107, 9708, https://github.com/pallets/flask
django, Python, 48189, 2227, 2012-04-28, 20363, 240589, https://github.com/django/django
keras, Python, 47458, 2079, 2015-03-28, 17262, 77303, https://github.com/keras-team/keras
httpie, Python, 46190, 1075, 2012-02-25, 2847, 2777, https://github.com/jakubroztocil/httpie
awesome-machine-learning, Python, 44015, 3332, 2014-07-15, 10098, 30, https://github.com/josephmisiti/awesome-machine-learning
ansible, Python, 42434, 2022, 2012-03-06, 18120, 232307, https://github.com/ansible/ansible
requests, Python, 42054, 1407, 2011-02-13, 7409, 6052, https://github.com/psf/requests
scikit-learn, Python, 39966, 2243, 2010-08-17, 18808, 252813, https://github.com/scikit-learn/scikit-learn
scrapy, Python, 36589, 1838, 2010-02-22, 8275, 41407, https://github.com/scrapy/scrapy
big-list-of-naughty-strings, Python, 35501, 834, 2015-08-08, 1504, 63, https://github.com/minimaxir/big-list-of-naughty-strings
face_recognition, Python, 33146, 1495, 2017-03-03, 9060, 2125, https://github.com/ageitgey/face_recognition
shadowsocks, Python, 32510, 2104, 2012-04-20, 12649, 0, https://github.com/shadowsocks/shadowsocks
core, Python, 32395, 1139, 2013-09-17, 9605, 651630, https://github.com/home-assistant/core
you-get, Python, 31770, 1270, 2012-08-20, 6248, 5036, https://github.com/soimort/you-get
cpython, Python, 30092, 1145, 2017-02-10, 13762, 80719, https://github.com/python/cpython
XX-Net, Python, 29808, 1811, 2015-01-15, 7694, 12205, https://github.com/XX-net/XX-Net
faceswap, Python, 29741, 1365, 2017-12-19, 9379, 42187, https://github.com/deepfakes/faceswap
HelloGitHub, Python, 28585, 1885, 2016-05-04, 4097, 0, https://github.com/521xueweihan/HelloGitHub
12306, Python, 28400, 847, 2017-05-17, 9028, 0, https://github.com/testerSunshine/12306
incubator-superset, Python, 28226, 1251, 2015-07-21, 5539, 69132, https://github.com/apache/incubator-superset
100-Days-Of-ML-Code, Python, 28187, 2283, 2018-07-05, 6943, 1, https://github.com/Avik-Jain/100-Days-Of-ML-Code
CppCoreGuidelines, Python, 26691, 2037, 2015-08-19, 3451, 6720, https://github.com/isocpp/CppCoreGuidelines
certbot, Python, 26489, 855, 2014-11-12, 2708, 71898, https://github.com/certbot/certbot
Deep-Learning-Papers-Reading-Roadmap, Python, 25876, 2165, 2016-10-14, 5365, 135, https://github.com/floodsung/Deep-Learning-Papers-Reading-Roadmap
interview_internal_reference, Python, 24887, 1215, 2019-06-10, 6607, 0, https://github.com/0voice/interview_internal_reference
sentry, Python, 24408, 671, 2010-08-30, 2685, 312509, https://github.com/getsentry/sentry
transformers, Python, 24335, 527, 2018-10-29, 5477, 34143, https://github.com/huggingface/transformers
python-patterns, Python, 24187, 1610, 2012-06-06, 4852, 3742, https://github.com/faif/python-patterns
pandas, Python, 24166, 1040, 2010-08-24, 9442, 167836, https://github.com/pandas-dev/pandas
AiLearning, Python, 23968, 1467, 2017-02-25, 8070, 76, https://github.com/apachecn/AiLearning
localstack, Python, 23757, 460, 2016-10-25, 1681, 18695, https://github.com/localstack/localstack
Detectron, Python, 23032, 995, 2017-10-05, 4932, 18631, https://github.com/facebookresearch/Detectron
jieba, Python, 22345, 1294, 2012-09-29, 5366, 0, https://github.com/fxsjy/jieba
bert, Python, 22194, 921, 2018-10-25, 5904, 5995, https://github.com/google-research/bert
linux-insides, Python, 20914, 1347, 2015-01-03, 2143, 77, https://github.com/0xAX/linux-insides
YouCompleteMe, Python, 20902, 602, 2012-04-16, 2302, 5448, https://github.com/ycm-core/YouCompleteMe
gym, Python, 20122, 985, 2016-04-27, 5304, 16070, https://github.com/openai/gym
ItChat, Python, 20076, 914, 2016-01-19, 4378, 573, https://github.com/littlecodersh/ItChat
pipenv, Python, 19902, 385, 2017-01-20, 1445, 27059, https://github.com/pypa/pipenv
wtfpython, Python, 19585, 655, 2017-08-28, 1778, 668, https://github.com/satwikkansal/wtfpython
interactive-coding-challenges, Python, 19429, 898, 2015-04-28, 2839, 4475, https://github.com/donnemartin/interactive-coding-challenges
manim, Python, 19337, 584, 2015-03-22, 2303, 172598, https://github.com/3b1b/manim
compose, Python, 19125, 679, 2013-12-09, 2908, 20325, https://github.com/docker/compose
tornado, Python, 18958, 1062, 2009-09-09, 4858, 25795, https://github.com/tornadoweb/tornado
HanLP, Python, 18650, 1096, 2014-10-09, 5068, 9341, https://github.com/hankcs/HanLP
incubator-mxnet, Python, 18505, 1166, 2015-04-30, 6283, 249607, https://github.com/apache/incubator-mxnet
cheat.sh, Python, 18495, 468, 2017-05-07, 888, 4915, https://github.com/chubin/cheat.sh
funNLP, Python, 18433, 836, 2018-08-21, 5224, 15, https://github.com/fighting41love/funNLP
mitmproxy, Python, 18294, 571, 2010-02-16, 2277, 41006, https://github.com/mitmproxy/mitmproxy
data-science-ipython-notebooks, Python, 18190, 1556, 2015-01-23, 5275, 7251, https://github.com/donnemartin/data-science-ipython-notebooks
algo, Python, 17745, 438, 2016-05-15, 1415, 1821, https://github.com/trailofbits/algo
GitHub-Chinese-Top-Charts, Python, 17062, 954, 2019-09-05, 2183, 0, https://github.com/kon9chunkit/GitHub-Chinese-Top-Charts
algorithms, Python, 17046, 653, 2016-11-17, 3193, 17268, https://github.com/keon/algorithms
django-rest-framework, Python, 16937, 566, 2011-03-02, 4787, 39497, https://github.com/encode/django-rest-framework
sqlmap, Python, 16763, 931, 2012-06-26, 3498, 80958, https://github.com/sqlmapproject/sqlmap
Python, Python, 16747, 1810, 2011-11-30, 8061, 8063, https://github.com/geekcomputers/Python
d2l-zh, Python, 16642, 811, 2017-08-23, 4164, 1300, https://github.com/d2l-ai/d2l-zh
python-fire, Python, 16545, 378, 2017-02-21, 992, 8677, https://github.com/google/python-fire
Mask_RCNN, Python, 16187, 568, 2017-10-19, 6988, 6343, https://github.com/matterport/Mask_RCNN
airflow, Python, 16152, 675, 2015-04-13, 6000, 125022, https://github.com/apache/airflow
spaCy, Python, 16094, 565, 2014-07-03, 2793, 29855, https://github.com/explosion/spaCy
pytorch-tutorial, Python, 16054, 540, 2017-03-10, 4901, 2059, https://github.com/yunjey/pytorch-tutorial
ML-From-Scratch, Python, 15804, 812, 2017-02-05, 2925, 6904, https://github.com/eriklindernoren/ML-From-Scratch
Real-Time-Voice-Cloning, Python, 15785, 510, 2019-05-26, 2844, 6625, https://github.com/CorentinJ/Real-Time-Voice-Cloning
macOS-Security-and-Privacy-Guide, Python, 15680, 715, 2015-08-31, 1021, 104, https://github.com/drduh/macOS-Security-and-Privacy-Guide
glances, Python, 15592, 511, 2011-12-04, 1018, 20401, https://github.com/nicolargo/glances
ZeroNet, Python, 15534, 854, 2015-01-12, 1893, 32044, https://github.com/HelloZeroNet/ZeroNet
black, Python, 15332, 168, 2018-03-14, 834, 0, https://github.com/psf/black
reddit, Python, 15330, 746, 2008-06-18, 2682, 101847, https://github.com/reddit-archive/reddit
NLP-progress, Python, 15062, 1196, 2018-06-22, 2443, 480, https://github.com/sebastianruder/NLP-progress
hosts, Python, 14897, 556, 2012-04-12, 1303, 3909, https://github.com/StevenBlack/hosts
magenta, Python, 14820, 829, 2016-05-05, 2933, 94686, https://github.com/tensorflow/magenta
celery, Python, 14701, 506, 2009-04-24, 3506, 71727, https://github.com/celery/celery
algo, Python, 14314, 698, 2018-09-24, 4428, 0, https://github.com/wangzheng0822/algo
pyspider, Python, 14211, 905, 2014-02-21, 3368, 17427, https://github.com/binux/pyspider
TensorFlow-Course, Python, 14201, 814, 2018-10-02, 2789, 4192, https://github.com/machinelearningmindset/TensorFlow-Course
ipython, Python, 14098, 819, 2010-05-10, 3842, 45221, https://github.com/ipython/ipython
wechat_jump_game, Python, 13917, 590, 2017-12-29, 4536, 89, https://github.com/wangshub/wechat_jump_game
tqdm, Python, 13868, 178, 2015-06-03, 687, 5258, https://github.com/tqdm/tqdm
Awesome-Linux-Software, Python, 13744, 503, 2016-08-06, 1253, 317, https://github.com/luong-komorebi/Awesome-Linux-Software
sanic, Python, 13628, 465, 2016-05-26, 1232, 16040, https://github.com/huge-success/sanic
PayloadsAllTheThings, Python, 13506, 830, 2016-10-18, 3942, -1, https://github.com/swisskyrepo/PayloadsAllTheThings
PySnooper, Python, 13344, 225, 2019-04-18, 834, 5656, https://github.com/cool-RR/PySnooper
DeepFaceLab, Python, 13186, 549, 2018-06-04, 2818, 17279, https://github.com/iperov/DeepFaceLab
bitcoinbook, Python, 13118, 999, 2013-08-11, 3672, 448, https://github.com/bitcoinbook/bitcoinbook
bokeh, Python, 13099, 475, 2012-03-26, 3269, 127300, https://github.com/bokeh/bokeh
luigi, Python, 13092, 512, 2012-09-20, 2029, 62391, https://github.com/spotify/luigi
nginx-proxy, Python, 12812, 296, 2014-05-05, 2113, 1491, https://github.com/nginx-proxy/nginx-proxy
examples, Python, 12369, 385, 2016-08-24, 5540, 3543, https://github.com/pytorch/examples
locust, Python, 12352, 429, 2011-02-17, 1700, 8631, https://github.com/locustio/locust
CheatSheetSeries, Python, 12298, 409, 2018-12-21, 1691, 321, https://github.com/OWASP/CheatSheetSeries
python-cheatsheet, Python, 12216, 472, 2018-01-25, 2389, 51, https://github.com/gto76/python-cheatsheet
fabric, Python, 12149, 516, 2009-05-01, 1628, 5932, https://github.com/fabric/fabric
wxpy, Python, 11993, 552, 2017-02-20, 2060, 0, https://github.com/youfou/wxpy
fastapi, Python, 11836, 198, 2018-12-08, 724, 28643, https://github.com/tiangolo/fastapi
cookiecutter, Python, 11527, 240, 2013-07-14, 1236, 5648, https://github.com/cookiecutter/cookiecutter
zulip, Python, 11415, 366, 2015-09-25, 3606, 114364, https://github.com/zulip/zulip
powerline, Python, 11397, 287, 2012-06-12, 834, 4404, https://github.com/powerline/powerline
pytorch-CycleGAN-and-pix2pix, Python, 11391, 308, 2017-04-18, 3234, 3615, https://github.com/junyanz/pytorch-CycleGAN-and-pix2pix
gpt-2, Python, 11337, 506, 2019-02-11, 2368, 586, https://github.com/openai/gpt-2
awesome-python-login-model, Python, 11286, 372, 2019-01-20, 2371, 0, https://github.com/Kr1s77/awesome-python-login-model
dash, Python, 11272, 384, 2015-04-10, 1116, 9444, https://github.com/plotly/dash
py12306, Python, 11151, 327, 2019-01-07, 2951, 0, https://github.com/pjialin/py12306
matplotlib, Python, 11120, 550, 2011-02-19, 4800, 195093, https://github.com/matplotlib/matplotlib
material-theme, Python, 11062, 263, 2015-06-01, 769, 252, https://github.com/equinusocio/material-theme
sherlock, Python, 11011, 230, 2018-12-24, 1045, 1352, https://github.com/sherlock-project/sherlock
autojump, Python, 10946, 170, 2009-01-14, 511, 3568, https://github.com/wting/autojump
ray, Python, 10928, 378, 2016-10-25, 1573, 127566, https://github.com/ray-project/ray
neural-networks-and-deep-learning, Python, 10909, 1028, 2012-11-13, 5022, 2554, https://github.com/mnielsen/neural-networks-and-deep-learning
kivy, Python, 10849, 580, 2010-11-03, 2317, 96597, https://github.com/kivy/kivy
zipline, Python, 10820, 922, 2012-10-19, 2958, 112327, https://github.com/quantopian/zipline
pix2code, Python, 10794, 1324, 2017-05-24, 1165, 1237, https://github.com/tonybeltramelli/pix2code
cascadia-code, Python, 10776, 181, 2019-07-10, 293, 171, https://github.com/microsoft/cascadia-code
requests-html, Python, 10769, 289, 2018-02-24, 668, 1565, https://github.com/psf/requests-html
salt, Python, 10736, 584, 2011-02-20, 4623, 92038, https://github.com/saltstack/salt
spleeter, Python, 10690, 243, 2019-09-26, 968, 3544, https://github.com/deezer/spleeter
game-programmer, Python, 10600, 742, 2016-12-06, 1289, 0, https://github.com/miloyip/game-programmer
gensim, Python, 10597, 455, 2011-02-10, 3511, 41118, https://github.com/RaRe-Technologies/gensim
inter, Python, 10582, 168, 2017-08-22, 222, 9274, https://github.com/rsms/inter
prophet, Python, 10459, 398, 2016-11-16, 2777, 6491, https://github.com/facebook/prophet
yapf, Python, 10415, 212, 2015-03-18, 690, 20937, https://github.com/google/yapf
Zappa, Python, 10405, 274, 2016-01-20, 1100, 3402, https://github.com/Miserlou/Zappa
magic-wormhole, Python, 10294, 211, 2015-02-10, 364, 23914, https://github.com/warner/magic-wormhole
facenet, Python, 10277, 579, 2016-02-12, 4058, 10393, https://github.com/davidsandberg/facenet
python-spider, Python, 10258, 535, 2017-05-05, 3968, 0, https://github.com/Jack-Cherish/python-spider
wttr.in, Python, 10210, 187, 2015-12-26, 535, 499, https://github.com/chubin/wttr.in
awesome-algorithm, Python, 10191, 484, 2017-09-29, 2006, 114, https://github.com/apachecn/awesome-algorithm
FastPhotoStyle, Python, 10166, 291, 2018-02-14, 1050, 1787, https://github.com/NVIDIA/FastPhotoStyle
labelImg, Python, 10124, 346, 2015-09-17, 3294, 3679, https://github.com/tzutalin/labelImg
neural-enhance, Python, 10038, 374, 2016-10-01, 1107, 587, https://github.com/alexjc/neural-enhance
wtfpython-cn, Python, 10014, 480, 2018-11-10, 1790, 7, https://github.com/leisurelicht/wtfpython-cn
python-telegram-bot, Python, 9984, 400, 2015-07-07, 2055, 42690, https://github.com/python-telegram-bot/python-telegram-bot
poetry, Python, 9771, 121, 2018-02-28, 683, 40069, https://github.com/python-poetry/poetry
tensor2tensor, Python, 9755, 458, 2017-06-15, 2461, 92145, https://github.com/tensorflow/tensor2tensor
jupyter, Python, 9732, 633, 2015-06-04, 2267, 268, https://github.com/jupyter/jupyter
ChatterBot, Python, 9725, 538, 2014-09-28, 3266, 8581, https://github.com/gunthercox/ChatterBot
mackup, Python, 9716, 157, 2013-04-06, 750, 2042, https://github.com/lra/mackup
sovereign, Python, 9616, 269, 2013-08-19, 766, 444, https://github.com/sovereign/sovereign
InstaPy, Python, 9559, 438, 2016-09-26, 2484, 17251, https://github.com/timgrossmann/InstaPy
baselines, Python, 9538, 521, 2017-05-24, 2712, 16762, https://github.com/openai/baselines
faker, Python, 9508, 197, 2012-11-12, 1083, 38625, https://github.com/joke2k/faker
pelican, Python, 9505, 367, 2010-10-16, 1599, 9141, https://github.com/getpelican/pelican
stanford-tensorflow-tutorials, Python, 9469, 642, 2016-11-05, 4143, 8737, https://github.com/chiphuyen/stanford-tensorflow-tutorials
walle-web, Python, 9441, 525, 2015-09-11, 2318, 260, https://github.com/meolu/walle-web
speedtest-cli, Python, 9430, 310, 2012-09-10, 1299, 2133, https://github.com/sivel/speedtest-cli
aiohttp, Python, 9408, 241, 2013-10-01, 1332, 21282, https://github.com/aio-libs/aiohttp
aws-cli, Python, 9398, 570, 2012-11-20, 2005, 91589, https://github.com/aws/aws-cli
mkdocs, Python, 9398, 222, 2014-01-11, 1368, 10328, https://github.com/mkdocs/mkdocs
tflearn, Python, 9388, 483, 2016-03-31, 2307, 19641, https://github.com/tflearn/tflearn
neural-doodle, Python, 9316, 325, 2016-03-05, 826, 658, https://github.com/alexjc/neural-doodle
newspaper, Python, 9286, 352, 2013-11-25, 1485, 6126, https://github.com/codelucas/newspaper
beets, Python, 9269, 438, 2010-08-09, 1494, 56705, https://github.com/beetbox/beets
proxy_pool, Python, 9264, 396, 2016-11-25, 2609, 573, https://github.com/jhao104/proxy_pool
stylegan, Python, 9173, 382, 2019-02-04, 1719, 5720, https://github.com/NVlabs/stylegan
DeepCreamPy, Python, 9129, 459, 2018-02-09, 982, 1473, https://github.com/deeppomf/DeepCreamPy
tushare, Python, 9124, 962, 2015-01-07, 3515, 600, https://github.com/waditu/tushare
Theano, Python, 9103, 581, 2011-08-10, 2430, 217655, https://github.com/Theano/Theano
RocAlphaGo, Python, 9017, 954, 2016-02-01, 2427, 8142, https://github.com/Rochester-NRT/RocAlphaGo
click, Python, 9016, 189, 2014-04-24, 875, 13959, https://github.com/pallets/click
sshuttle, Python, 8988, 351, 2010-05-02, 637, 5433, https://github.com/apenwarr/sshuttle
mailinabox, Python, 8980, 298, 2013-08-21, 896, 4693, https://github.com/mail-in-a-box/mailinabox
detectron2, Python, 8927, 232, 2019-09-05, 1756, 37257, https://github.com/facebookresearch/detectron2
mmdetection, Python, 8892, 283, 2018-08-22, 2760, 54294, https://github.com/open-mmlab/mmdetection
fast-style-transfer, Python, 8876, 335, 2016-07-21, 2075, 746, https://github.com/lengstrom/fast-style-transfer
horovod, Python, 8862, 325, 2017-08-09, 1355, 22103, https://github.com/horovod/horovod
nltk, Python, 8780, 494, 2009-09-07, 2194, 107995, https://github.com/nltk/nltk
wifiphisher, Python, 8745, 569, 2014-09-26, 1905, 9480, https://github.com/wifiphisher/wifiphisher
termtosvg, Python, 8719, 123, 2018-06-09, 308, 2000, https://github.com/nbedos/termtosvg
Gooey, Python, 8667, 228, 2014-01-01, 486, 5322, https://github.com/chriskiehl/Gooey
kitty, Python, 8649, 148, 2016-10-16, 402, 11799, https://github.com/kovidgoyal/kitty
httpbin, Python, 8648, 224, 2011-05-20, 1232, 41, https://github.com/postmanlabs/httpbin
USTC-Course, Python, 8648, 469, 2019-01-09, 2605, 4963, https://github.com/USTC-Resource/USTC-Course
pgcli, Python, 8588, 144, 2014-10-12, 383, 6048, https://github.com/dbcli/pgcli
wagtail, Python, 8561, 346, 2014-02-03, 1831, 91073, https://github.com/wagtail/wagtail
mycli, Python, 8551, 207, 2015-04-05, 517, 7639, https://github.com/dbcli/mycli
pyecharts, Python, 8479, 330, 2017-06-22, 1933, 840, https://github.com/pyecharts/pyecharts
numpy-ml, Python, 8472, 405, 2019-04-06, 2365, 28290, https://github.com/ddbourgin/numpy-ml
imgaug, Python, 8422, 214, 2015-07-10, 1631, 152788, https://github.com/aleju/imgaug
redis-py, Python, 8392, 366, 2009-11-06, 1743, 12676, https://github.com/andymccurdy/redis-py
flair, Python, 8354, 205, 2018-06-11, 986, 16273, https://github.com/flairNLP/flair
ungoogled-chromium, Python, 8323, 227, 2015-06-12, 347, 4693, https://github.com/Eloston/ungoogled-chromium
reinforcement-learning-an-introduction, Python, 8316, 534, 2016-09-13, 3174, 5821, https://github.com/ShangtongZhang/reinforcement-learning-an-introduction
sonnet, Python, 8279, 468, 2017-04-03, 1111, 22147, https://github.com/deepmind/sonnet
allennlp, Python, 8249, 277, 2017-05-15, 1721, 57214, https://github.com/allenai/allennlp
musicbox, Python, 8188, 298, 2014-08-05, 1432, 73, https://github.com/darknessomi/musicbox
mypy, Python, 8180, 174, 2012-12-07, 1214, 112973, https://github.com/python/mypy
chisel, Python, 8140, 285, 2014-02-21, 720, 4970, https://github.com/facebook/chisel
Mailpile, Python, 8126, 416, 2011-10-30, 953, 61225, https://github.com/mailpile/Mailpile
the-gan-zoo, Python, 8114, 519, 2017-04-14, 1696, 78, https://github.com/hindupuravinash/the-gan-zoo
rasa, Python, 8071, 316, 2016-10-14, 2509, 49882, https://github.com/RasaHQ/rasa
ml-agents, Python, 8037, 492, 2017-09-08, 2130, 8879, https://github.com/Unity-Technologies/ml-agents
asciinema, Python, 7980, 277, 2011-11-21, 656, 1937, https://github.com/asciinema/asciinema
MLAlgorithms, Python, 7977, 435, 2016-10-05, 1360, 4695, https://github.com/rushter/MLAlgorithms
awesome-aws, Python, 7903, 432, 2015-10-12, 883, 646, https://github.com/donnemartin/awesome-aws
Shadowrocket-ADBlock-Rules, Python, 7900, 333, 2016-08-13, 1166, 0, https://github.com/h2y/Shadowrocket-ADBlock-Rules
explainshell, Python, 7880, 185, 2013-08-30, 495, 4035, https://github.com/idank/explainshell
tutorials, Python, 7825, 615, 2016-05-29, 4585, 5797, https://github.com/MorvanZhou/tutorials
howdoi, Python, 7818, 246, 2012-11-22, 702, 839, https://github.com/gleitz/howdoi
routersploit, Python, 7805, 498, 2016-03-30, 1495, 32732, https://github.com/threat9/routersploit
eeeeeeeeeeeeeeeeeeeeeeeeeeeeeeeeeeeeeeeeeeeeeeeeeeeeeeeeeeeeeeeeeeeeeeeeeeeeeeeeeeeeeeeeeeeeeeeeeeee, Python, 7785, 111, 2018-11-08, 638, -1, https://github.com/eeeeeeeeeeeeeeeeeeeeeeeeeeeeeeee/eeeeeeeeeeeeeeeeeeeeeeeeeeeeeeeeeeeeeeeeeeeeeeeeeeeeeeeeeeeeeeeeeeeeeeeeeeeeeeeeeeeeeeeeeeeeeeeeeeee
XSStrike, Python, 7774, 245, 2017-06-26, 1001, 2112, https://github.com/s0md3v/XSStrike
coursera-dl, Python, 7694, 338, 2012-03-21, 1554, 209, https://github.com/coursera-dl/coursera-dl
http-prompt, Python, 7687, 176, 2016-04-06, 267, 2760, https://github.com/eliangcs/http-prompt
portia, Python, 7619, 493, 2014-03-21, 1194, 29778, https://github.com/scrapinghub/portia
falcon, Python, 7578, 298, 2012-12-06, 761, 27514, https://github.com/falconry/falcon
Deep-Learning-with-TensorFlow-book, Python, 7565, 338, 2019-06-16, 2138, 770, https://github.com/dragen1860/Deep-Learning-with-TensorFlow-book
thumbor, Python, 7555, 209, 2011-03-16, 639, 10633, https://github.com/thumbor/thumbor
jax, Python, 7526, 189, 2018-10-25, 554, 55840, https://github.com/google/jax
fashion-mnist, Python, 7428, 288, 2017-08-25, 1654, 654, https://github.com/zalandoresearch/fashion-mnist
awesome-scala, Python, 7422, 670, 2014-07-08, 1068, 196, https://github.com/lauris/awesome-scala
peewee, Python, 7394, 201, 2010-10-11, 1156, 43776, https://github.com/coleifer/peewee
q, Python, 7383, 172, 2012-01-30, 317, 1997, https://github.com/harelba/q
django-cms, Python, 7382, 418, 2009-03-05, 2399, 36794, https://github.com/divio/django-cms
calibre, Python, 7377, 353, 2013-05-28, 1210, 203507, https://github.com/kovidgoyal/calibre
pattern, Python, 7359, 566, 2011-05-03, 1378, 25886, https://github.com/clips/pattern
maskrcnn-benchmark, Python, 7358, 193, 2018-10-24, 1997, 16050, https://github.com/facebookresearch/maskrcnn-benchmark
fairseq, Python, 7316, 253, 2017-08-29, 1740, 49519, https://github.com/pytorch/fairseq
ranger, Python, 7277, 144, 2009-06-04, 509, 18956, https://github.com/ranger/ranger
vid2vid, Python, 7255, 262, 2018-08-14, 1015, 6785, https://github.com/NVIDIA/vid2vid
EverydayWechat, Python, 7217, 171, 2019-03-11, 1608, 0, https://github.com/sfyc23/EverydayWechat
DeDRM_tools, Python, 7215, 371, 2015-03-09, 632, 21064, https://github.com/apprenticeharper/DeDRM_tools
universe, Python, 7186, 461, 2016-12-04, 858, 15751, https://github.com/openai/universe
Pillow, Python, 7181, 217, 2012-07-24, 1321, 45091, https://github.com/python-pillow/Pillow
visdom, Python, 7173, 181, 2017-01-25, 858, 4911, https://github.com/facebookresearch/visdom
schedule, Python, 7161, 199, 2013-05-19, 595, 1512, https://github.com/dbader/schedule
bert-as-service, Python, 7137, 192, 2018-11-12, 1399, 4638, https://github.com/hanxiao/bert-as-service
qrcode, Python, 7100, 278, 2016-08-25, 1112, 744, https://github.com/sylnsfar/qrcode
TrumpScript, Python, 7078, 148, 2016-01-16, 388, 3397, https://github.com/samshadwell/TrumpScript
networkx, Python, 7044, 263, 2010-09-06, 1758, 59872, https://github.com/networkx/networkx
pytorch_geometric, Python, 7041, 192, 2017-10-06, 1101, 27493, https://github.com/rusty1s/pytorch_geometric
saleor, Python, 7036, 309, 2013-02-12, 2611, 57273, https://github.com/mirumee/saleor
zhao, Python, 7019, 561, 2016-02-28, 1722, 0, https://github.com/programthink/zhao
docopt, Python, 7004, 182, 2012-04-07, 517, 1963, https://github.com/docopt/docopt
seaborn, Python, 6985, 241, 2012-06-18, 1141, 28129, https://github.com/mwaskom/seaborn
scipy, Python, 6969, 324, 2011-03-09, 3097, 327719, https://github.com/scipy/scipy
jinja, Python, 6950, 252, 2010-10-17, 1253, 17207, https://github.com/pallets/jinja
examples-of-web-crawlers, Python, 6920, 245, 2019-03-13, 2162, 0, https://github.com/shengqiangzhang/examples-of-web-crawlers
chinese-xinhua, Python, 6914, 287, 2018-02-05, 1531, 0, https://github.com/pwxcoo/chinese-xinhua
TextBlob, Python, 6910, 285, 2013-06-30, 883, 4585, https://github.com/sloria/TextBlob
tpot, Python, 6909, 308, 2015-11-03, 1189, 10464, https://github.com/EpistasisLab/tpot
Chinese-Word-Vectors, Python, 6850, 272, 2018-01-09, 1597, 332, https://github.com/Embedding/Chinese-Word-Vectors
word_cloud, Python, 6835, 221, 2012-11-04, 1783, 5282, https://github.com/amueller/word_cloud
rq, Python, 6830, 211, 2011-11-14, 1091, 9888, https://github.com/rq/rq
serverless-application-model, Python, 6812, 332, 2016-10-10, 1715, 22971, https://github.com/awslabs/serverless-application-model
sympy, Python, 6799, 306, 2010-04-30, 2938, 610156, https://github.com/sympy/sympy
autokeras, Python, 6790, 300, 2017-11-19, 1099, 6341, https://github.com/keras-team/autokeras
gitsome, Python, 6780, 126, 2016-04-23, 343, 25537, https://github.com/donnemartin/gitsome
Douyin-Bot, Python, 6779, 268, 2018-05-27, 1394, 0, https://github.com/wangshub/Douyin-Bot
pysc2, Python, 6770, 390, 2017-07-25, 991, 21452, https://github.com/deepmind/pysc2
mlcourse.ai, Python, 6758, 584, 2017-02-27, 4360, 644, https://github.com/Yorko/mlcourse.ai
uvloop, Python, 6744, 243, 2015-11-08, 331, 9588, https://github.com/MagicStack/uvloop
bottle, Python, 6744, 324, 2009-06-30, 1258, 8325, https://github.com/bottlepy/bottle
fuzzywuzzy, Python, 6725, 234, 2011-07-08, 708, 1675, https://github.com/seatgeek/fuzzywuzzy
Keras-GAN, Python, 6691, 266, 2017-07-11, 2349, 4844, https://github.com/eriklindernoren/Keras-GAN
py-faster-rcnn, Python, 6676, 285, 2015-09-25, 3319, 6210, https://github.com/rbgirshick/py-faster-rcnn
gunicorn, Python, 6673, 240, 2009-11-30, 1228, 13006, https://github.com/benoitc/gunicorn
WeixinBot, Python, 6643, 502, 2016-01-31, 1821, 453, https://github.com/Urinx/WeixinBot
tweepy, Python, 6607, 265, 2009-07-06, 2917, 5009, https://github.com/tweepy/tweepy
elastalert, Python, 6598, 260, 2014-11-24, 1417, 16052, https://github.com/Yelp/elastalert
ludwig, Python, 6584, 183, 2018-12-27, 731, 31350, https://github.com/uber/ludwig
chalice, Python, 6578, 235, 2016-05-27, 637, 33522, https://github.com/aws/chalice
google-images-download, Python, 6570, 189, 2015-03-28, 1437, 1203, https://github.com/hardikvasa/google-images-download
pyinstaller, Python, 6511, 225, 2011-11-23, 1284, 43543, https://github.com/pyinstaller/pyinstaller
monoid, Python, 6505, 110, 2015-04-02, 141, 251, https://github.com/larsenwork/monoid
faceai, Python, 6481, 322, 2018-04-17, 1563, 0, https://github.com/vipstone/faceai
dask, Python, 6475, 222, 2015-01-04, 1010, 100899, https://github.com/dask/dask
maybe, Python, 6466, 127, 2016-01-24, 168, 795, https://github.com/p-e-w/maybe
cookiecutter-django, Python, 6430, 201, 2013-08-14, 1675, 2776, https://github.com/pydanny/cookiecutter-django
boto, Python, 6421, 306, 2010-07-12, 2149, 162868, https://github.com/boto/boto
Photon, Python, 6407, 238, 2018-03-30, 794, 1241, https://github.com/s0md3v/Photon
mopidy, Python, 6394, 220, 2009-12-23, 602, 22905, https://github.com/mopidy/mopidy
flasky, Python, 6383, 400, 2013-12-24, 3405, 2644, https://github.com/miguelgrinberg/flasky
pwntools, Python, 6369, 290, 2013-04-29, 1070, 7915, https://github.com/Gallopsled/pwntools
pretrained-models.pytorch, Python, 6368, 225, 2017-04-09, 1354, 9332, https://github.com/Cadene/pretrained-models.pytorch
moviepy, Python, 6365, 240, 2013-08-12, 852, 11575, https://github.com/Zulko/moviepy
insightface, Python, 6364, 397, 2017-09-01, 2253, 40748, https://github.com/deepinsight/insightface
gixy, Python, 6356, 165, 2017-03-15, 275, 6453, https://github.com/yandex/gixy
plotly.py, Python, 6330, 245, 2013-11-21, 1438, 710838, https://github.com/plotly/plotly.py
machine-learning-course, Python, 6328, 282, 2019-02-15, 1080, 2838, https://github.com/machinelearningmindset/machine-learning-course
netbox, Python, 6317, 392, 2016-02-29, 1190, 72971, https://github.com/netbox-community/netbox
searx, Python, 6296, 261, 2013-10-15, 878, 1754, https://github.com/asciimoo/searx
gdb-dashboard, Python, 6268, 222, 2015-09-09, 473, 0, https://github.com/cyrus-and/gdb-dashboard
30-seconds-of-python, Python, 6262, 210, 2018-01-08, 831, 1, https://github.com/30-seconds/30-seconds-of-python
howmanypeoplearearound, Python, 6226, 163, 2017-05-11, 331, 191, https://github.com/schollz/howmanypeoplearearound
records, Python, 6222, 200, 2014-12-24, 487, 952, https://github.com/kennethreitz-archive/records
node-gyp, Python, 6216, 257, 2012-02-03, 1026, 30924, https://github.com/nodejs/node-gyp
mlflow, Python, 6214, 241, 2018-06-05, 1297, 53720, https://github.com/mlflow/mlflow
bup, Python, 6196, 250, 2012-09-03, 326, 17831, https://github.com/bup/bup
ArchiveBox, Python, 6195, 126, 2017-05-05, 333, 2697, https://github.com/pirate/ArchiveBox
yowsup, Python, 6179, 515, 2012-11-03, 1998, 17672, https://github.com/tgalal/yowsup
pip, Python, 6173, 277, 2011-03-06, 1890, 55820, https://github.com/pypa/pip
hug, Python, 6171, 184, 2015-07-17, 355, 14110, https://github.com/hugapi/hug
python-prompt-toolkit, Python, 6154, 152, 2014-01-25, 449, 46815, https://github.com/prompt-toolkit/python-prompt-toolkit
tensorboardX, Python, 6151, 83, 2017-06-13, 667, 13521, https://github.com/lanpa/tensorboardX
deep-learning-models, Python, 6150, 309, 2016-08-03, 2029, 2764, https://github.com/fchollet/deep-learning-models
paramiko, Python, 6143, 325, 2009-02-02, 1445, 25334, https://github.com/paramiko/paramiko
h4cker, Python, 6142, 429, 2017-06-19, 871, 638, https://github.com/The-Art-of-Hacking/h4cker
deis, Python, 6121, 283, 2013-07-22, 828, 11898, https://github.com/deis/deis
abu, Python, 6115, 598, 2016-09-19, 2217, 10031, https://github.com/bbfamily/abu
anki, Python, 6103, 316, 2012-12-21, 958, 9650, https://github.com/ankitects/anki
Anti-Anti-Spider, Python, 6099, 432, 2016-11-14, 1990, 1517, https://github.com/luyishisi/Anti-Anti-Spider
pyro, Python, 6097, 226, 2017-06-16, 698, 77686, https://github.com/pyro-ppl/pyro
nupic, Python, 6068, 642, 2013-04-05, 1552, 234143, https://github.com/numenta/nupic
eve, Python, 6048, 245, 2012-10-22, 682, 23866, https://github.com/pyeve/eve
supervisor, Python, 6044, 242, 2010-12-08, 972, 36673, https://github.com/Supervisor/supervisor
psutil, Python, 6044, 236, 2014-05-23, 924, 12217, https://github.com/giampaolo/psutil
mps-youtube, Python, 6037, 200, 2014-02-03, 499, 8793, https://github.com/mps-youtube/mps-youtube
arrow, Python, 6004, 136, 2012-11-18, 509, 2056, https://github.com/crsmithdev/arrow
text_classification, Python, 5999, 302, 2017-05-30, 2104, 0, https://github.com/brightmart/text_classification
tensorlayer, Python, 5996, 471, 2016-06-07, 1332, 22230, https://github.com/tensorlayer/tensorlayer
botframework-sdk, Python, 5950, 484, 2016-03-03, 2160, 393, https://github.com/microsoft/botframework-sdk
ajenti, Python, 5948, 275, 2010-03-03, 691, 20418, https://github.com/ajenti/ajenti
generative-models, Python, 5935, 313, 2016-12-07, 1769, 6880, https://github.com/wiseodd/generative-models
c9-python-getting-started, Python, 5933, 443, 2019-09-17, 1547, 1345, https://github.com/microsoft/c9-python-getting-started
binwalk, Python, 5932, 347, 2013-11-15, 871, 8119, https://github.com/ReFirmLabs/binwalk
erpnext, Python, 5874, 495, 2011-06-08, 2493, 161202, https://github.com/frappe/erpnext
python-for-android, Python, 5870, 340, 2011-11-28, 1121, 21712, https://github.com/kivy/python-for-android
PyTorch-GAN, Python, 5867, 163, 2018-04-21, 1613, 9952, https://github.com/eriklindernoren/PyTorch-GAN
BossSensor, Python, 5865, 280, 2016-07-04, 1076, 249, https://github.com/Hironsan/BossSensor
django-debug-toolbar, Python, 5856, 123, 2008-08-28, 735, 3848, https://github.com/jazzband/django-debug-toolbar
loguru, Python, 5835, 87, 2017-08-15, 269, 6213, https://github.com/Delgan/loguru
PyMySQL, Python, 5835, 232, 2011-07-27, 1116, 4606, https://github.com/PyMySQL/PyMySQL
beeswithmachineguns, Python, 5815, 229, 2010-06-29, 592, 1618, https://github.com/newsapps/beeswithmachineguns
pysheeet, Python, 5795, 215, 2016-02-29, 737, 610, https://github.com/crazyguitar/pysheeet
pytext, Python, 5759, 175, 2018-07-31, 680, 50764, https://github.com/facebookresearch/pytext
readthedocs.org, Python, 5739, 228, 2010-08-16, 2900, 53670, https://github.com/readthedocs/readthedocs.org
ngxtop, Python, 5730, 222, 2014-03-21, 411, 659, https://github.com/lebinh/ngxtop
Mobile-Security-Framework-MobSF, Python, 5707, 353, 2015-01-31, 1507, 16151, https://github.com/MobSF/Mobile-Security-Framework-MobSF
synapse, Python, 5694, 216, 2014-08-11, 958, 156648, https://github.com/matrix-org/synapse
pytest, Python, 5692, 184, 2015-06-15, 1331, 37496, https://github.com/pytest-dev/pytest
SPADE, Python, 5675, 332, 2019-03-14, 663, 3074, https://github.com/NVlabs/SPADE
nginx-book, Python, 5671, 595, 2013-01-18, 1711, 90, https://github.com/taobao/nginx-book
ipwndfu, Python, 5658, 317, 2017-04-09, 1344, 7829, https://github.com/axi0mX/ipwndfu
nni, Python, 5641, 187, 2018-06-01, 731, 35278, https://github.com/microsoft/nni
legit, Python, 5635, 94, 2011-06-25, 215, 1329, https://github.com/frostming/legit
DeepLearningFlappyBird, Python, 5601, 284, 2016-03-15, 1781, 527, https://github.com/yenchenlin/DeepLearningFlappyBird
theZoo, Python, 5575, 761, 2014-01-09, 1524, 2926, https://github.com/ytisf/theZoo
vibora, Python, 5548, 309, 2018-06-13, 307, 8540, https://github.com/vibora-io/vibora
graphene, Python, 5547, 147, 2015-09-24, 578, 10423, https://github.com/graphql-python/graphene
jupyterhub, Python, 5518, 271, 2014-06-12, 1285, 26514, https://github.com/jupyterhub/jupyterhub
instabot.py, Python, 5504, 402, 2016-01-18, 2209, 2152, https://github.com/instabot-py/instabot.py
fuck-login, Python, 5497, 384, 2016-02-15, 1893, 115, https://github.com/xchaoinfo/fuck-login
flask-restful, Python, 5481, 193, 2012-10-12, 838, 6009, https://github.com/flask-restful/flask-restful
NewsBlur, Python, 5455, 248, 2009-01-05, 903, 88461, https://github.com/samuelclay/NewsBlur
aws-shell, Python, 5448, 224, 2015-09-29, 485, 4130, https://github.com/awslabs/aws-shell
darkflow, Python, 5444, 253, 2016-08-16, 1839, 3309, https://github.com/thtrieu/darkflow
keras-yolo3, Python, 5443, 182, 2018-04-03, 2515, 1683, https://github.com/qqwweee/keras-yolo3
gitfiti, Python, 5441, 91, 2013-04-23, 419, 542, https://github.com/gelstudios/gitfiti
apistar, Python, 5429, 187, 2017-03-17, 416, 3478, https://github.com/encode/apistar
WebHubBot, Python, 5429, 336, 2017-04-08, 1464, 16, https://github.com/xiyouMc/WebHubBot
Flashlight, Python, 5416, 212, 2014-11-03, 373, 86472, https://github.com/nate-parrott/Flashlight
SpaceshipGenerator, Python, 5414, 223, 2016-06-14, 279, 894, https://github.com/a1studmuffin/SpaceshipGenerator
pupy, Python, 5408, 447, 2015-09-21, 1310, 77949, https://github.com/n1nj4sec/pupy
deepo, Python, 5398, 186, 2017-10-27, 656, 948, https://github.com/ufoym/deepo
chinese-dos-games, Python, 5391, 150, 2018-08-30, 564, 104, https://github.com/rwv/chinese-dos-games
ParlAI, Python, 5380, 254, 2017-04-24, 1006, 127756, https://github.com/facebookresearch/ParlAI
SASM, Python, 5368, 3347, 2013-06-03, 136, 43957, https://github.com/Dman95/SASM
webpy, Python, 5359, 360, 2008-09-29, 1252, 11170, https://github.com/webpy/webpy
trump2cash, Python, 5347, 286, 2017-01-22, 741, 3401, https://github.com/maxbbraun/trump2cash
tensorpack, Python, 5339, 220, 2015-12-25, 1609, 41426, https://github.com/tensorpack/tensorpack
shadowsocksr, Python, 5334, 347, 2017-07-27, 3204, 7532, https://github.com/shadowsocksr-backup/shadowsocksr
nmt, Python, 5326, 243, 2017-06-29, 1751, 7240, https://github.com/tensorflow/nmt
chainer, Python, 5319, 313, 2015-06-05, 1310, 208106, https://github.com/chainer/chainer
boto3, Python, 5315, 230, 2014-10-03, 1098, 17655, https://github.com/boto/boto3
django-allauth, Python, 5312, 189, 2010-10-10, 1788, 22771, https://github.com/pennersr/django-allauth
PySyft, Python, 5302, 203, 2017-07-18, 1182, 42170, https://github.com/OpenMined/PySyft
spyder, Python, 5288, 282, 2015-02-16, 1046, 116379, https://github.com/spyder-ide/spyder
LaZagne, Python, 5271, 380, 2015-02-16, 1338, 31900, https://github.com/AlessandroZ/LaZagne
qutebrowser, Python, 5264, 176, 2014-06-26, 700, 92872, https://github.com/qutebrowser/qutebrowser
Dshell, Python, 5240, 634, 2014-12-17, 1124, 10684, https://github.com/USArmyResearchLab/Dshell
werkzeug, Python, 5239, 232, 2010-10-18, 1395, 25846, https://github.com/pallets/werkzeug
sh, Python, 5236, 148, 2012-01-15, 410, 6690, https://github.com/amoffat/sh
ultisnips, Python, 5218, 95, 2011-12-30, 543, 6521, https://github.com/SirVer/ultisnips
interpy-zh, Python, 5217, 304, 2015-09-21, 1152, 0, https://github.com/eastlakeside/interpy-zh
opensnitch, Python, 5216, 210, 2017-04-16, 237, 2894, https://github.com/evilsocket/opensnitch
codeface, Python, 5213, 185, 2015-06-13, 377, 1367, https://github.com/chrissimpkins/codeface
awesome-cheatsheet, Python, 5206, 240, 2013-10-22, 662, 39, https://github.com/detailyang/awesome-cheatsheet
open_nsfw, Python, 5200, 298, 2016-08-16, 983, 128, https://github.com/yahoo/open_nsfw
social-engineer-toolkit, Python, 5200, 499, 2012-12-31, 1573, 16707, https://github.com/trustedsec/social-engineer-toolkit
taiga-back, Python, 5187, 280, 2013-03-19, 1001, 106925, https://github.com/taigaio/taiga-back
xlnet, Python, 5167, 174, 2019-06-19, 964, 148, https://github.com/zihangdai/xlnet
programming-talks, Python, 5166, 301, 2015-01-18, 358, 205, https://github.com/hellerve/programming-talks
fsociety, Python, 5159, 372, 2016-09-01, 1136, 2100, https://github.com/Manisso/fsociety
seq2seq, Python, 5159, 256, 2017-03-02, 1179, 8915, https://github.com/google/seq2seq
bypy, Python, 5156, 302, 2013-12-30, 1110, 4550, https://github.com/houtianze/bypy
iOSBlogCN, Python, 5146, 490, 2014-03-25, 1267, 0, https://github.com/tangqiaoboy/iOSBlogCN
cnn-text-classification-tf, Python, 5145, 281, 2015-11-24, 2465, 438, https://github.com/dennybritz/cnn-text-classification-tf
incubator-tvm, Python, 5142, 355, 2016-10-12, 1355, 209582, https://github.com/apache/incubator-tvm
powerline-shell, Python, 5130, 160, 2012-09-09, 663, 2674, https://github.com/b-ryan/powerline-shell
eht-imaging, Python, 5126, 214, 2015-09-22, 451, 36668, https://github.com/achael/eht-imaging
neural-style, Python, 5111, 232, 2015-11-21, 1435, 645, https://github.com/anishathalye/neural-style
srez, Python, 5109, 192, 2016-08-26, 621, 879, https://github.com/david-gpu/srez
boltons, Python, 5106, 152, 2013-02-20, 267, 16684, https://github.com/mahmoud/boltons
neuraltalk, Python, 5096, 455, 2014-11-27, 1279, 1992, https://github.com/karpathy/neuraltalk
numba, Python, 5094, 208, 2012-03-08, 598, 175403, https://github.com/numba/numba
sshuttle, Python, 5091, 126, 2014-09-15, 332, 6779, https://github.com/sshuttle/sshuttle
progressive_growing_of_gans, Python, 5087, 283, 2017-10-27, 958, 4019, https://github.com/tkarras/progressive_growing_of_gans
voltron, Python, 5086, 162, 2013-06-25, 329, 9134, https://github.com/snare/voltron
gevent, Python, 5074, 259, 2012-09-13, 815, 124054, https://github.com/gevent/gevent
devops-exercises, Python, 5049, 195, 2019-10-03, 626, 604, https://github.com/bregman-arie/devops-exercises
scapy, Python, 5030, 183, 2015-10-01, 1105, 139210, https://github.com/secdev/scapy
SublimeCodeIntel, Python, 5016, 172, 2011-05-31, 533, 3660, https://github.com/SublimeCodeIntel/SublimeCodeIntel
wxBot, Python, 5011, 393, 2016-02-12, 1584, 0, https://github.com/liuwons/wxBot
altair, Python, 5011, 149, 2015-09-19, 458, 14533, https://github.com/altair-viz/altair
cython, Python, 5010, 228, 2010-11-21, 948, 54873, https://github.com/cython/cython
deoplete.nvim, Python, 5010, 100, 2014-11-27, 267, 3173, https://github.com/Shougo/deoplete.nvim
faster-rcnn.pytorch, Python, 5007, 91, 2017-08-03, 1668, 8271, https://github.com/jwyang/faster-rcnn.pytorch
sanitizers, Python, 5001, 313, 2014-09-03, 521, 1168, https://github.com/google/sanitizers
Reinforcement-learning-with-tensorflow, Python, 4968, 271, 2017-05-06, 3240, 8699, https://github.com/MorvanZhou/Reinforcement-learning-with-tensorflow
transferlearning, Python, 4966, 279, 2017-04-30, 1808, 4509, https://github.com/jindongwang/transferlearning
numpy-100, Python, 4963, 167, 2014-05-27, 2445, 157, https://github.com/rougier/numpy-100
data-science-blogs, Python, 4956, 454, 2015-08-05, 1031, 61, https://github.com/rushter/data-science-blogs
dev-setup, Python, 4917, 185, 2015-07-08, 930, 2720, https://github.com/donnemartin/dev-setup
Python, Python, 4910, 482, 2016-06-23, 2728, 15, https://github.com/injetlee/Python
pymc3, Python, 4901, 242, 2009-05-05, 1133, 51580, https://github.com/pymc-devs/pymc3
statsmodels, Python, 4901, 263, 2011-06-12, 1761, 308732, https://github.com/statsmodels/statsmodels
DisableWinTracking, Python, 4896, 311, 2015-08-02, 322, 1070, https://github.com/10se1ucgo/DisableWinTracking
wechat-deleted-friends, Python, 4892, 234, 2016-01-02, 1572, 0, https://github.com/0x5e/wechat-deleted-friends
docker-stacks, Python, 4889, 198, 2015-07-15, 1819, 977, https://github.com/jupyter/docker-stacks
edx-platform, Python, 4888, 408, 2013-05-30, 2341, 504186, https://github.com/edx/edx-platform
dejavu, Python, 4884, 273, 2013-11-19, 1047, 1878, https://github.com/worldveil/dejavu
aws-sam-cli, Python, 4880, 165, 2017-05-23, 708, 48639, https://github.com/awslabs/aws-sam-cli
fail2ban, Python, 4869, 238, 2011-09-28, 796, 31714, https://github.com/fail2ban/fail2ban
have-fun-with-machine-learning, Python, 4849, 208, 2016-12-29, 516, 113, https://github.com/humphd/have-fun-with-machine-learning
urh, Python, 4835, 303, 2016-04-01, 448, 134222, https://github.com/jopohl/urh
tensorflow-wavenet, Python, 4809, 288, 2016-09-12, 1122, 2409, https://github.com/ibab/tensorflow-wavenet
TopDeepLearning, Python, 4805, 351, 2016-04-27, 747, 115, https://github.com/aymericdamien/TopDeepLearning
fantasque-sans, Python, 4798, 134, 2013-11-18, 102, 362, https://github.com/belluzj/fantasque-sans
face_classification, Python, 4787, 236, 2017-02-09, 1373, 1895, https://github.com/oarriaga/face_classification
dvc, Python, 4784, 101, 2017-03-04, 417, 19068, https://github.com/iterative/dvc
data-science-from-scratch, Python, 4774, 548, 2014-11-09, 2624, 15754, https://github.com/joelgrus/data-science-from-scratch
albumentations, Python, 4774, 106, 2018-06-06, 627, 12320, https://github.com/albumentations-team/albumentations
wait-for-it, Python, 4772, 81, 2016-02-02, 1239, 218, https://github.com/vishnubob/wait-for-it
featuretools, Python, 4712, 141, 2017-09-08, 602, 22959, https://github.com/FeatureLabs/featuretools
trape, Python, 4708, 234, 2017-10-31, 797, 3594, https://github.com/jofpin/trape
django-extensions, Python, 4695, 114, 2009-03-21, 922, 20511, https://github.com/django-extensions/django-extensions
PythonSpiderNotes, Python, 4690, 357, 2015-08-19, 1869, 0, https://github.com/lining0806/PythonSpiderNotes
pkuseg-python, Python, 4686, 190, 2018-08-05, 735, 53, https://github.com/lancopku/pkuseg-python
uncaptcha2, Python, 4676, 129, 2018-12-31, 438, 224, https://github.com/ecthros/uncaptcha2
autograd, Python, 4655, 202, 2014-11-24, 656, 10727, https://github.com/HIPS/autograd
Hasklig, Python, 4654, 94, 2014-04-06, 128, 200, https://github.com/i-tu/Hasklig
UGATIT, Python, 4653, 164, 2019-07-26, 761, 1196, https://github.com/taki0112/UGATIT
docker-py, Python, 4649, 209, 2013-05-23, 1301, 21942, https://github.com/docker/docker-py
iScript, Python, 4648, 322, 2014-04-26, 1116, 0, https://github.com/PeterDing/iScript
snownlp, Python, 4643, 359, 2013-11-26, 1134, 62, https://github.com/isnowfy/snownlp
ImageAI, Python, 4642, 259, 2018-03-19, 1325, 15081, https://github.com/OlafenwaMoses/ImageAI
speech_recognition, Python, 4629, 271, 2014-04-23, 1570, 2336, https://github.com/Uberi/speech_recognition
Ultra-Light-Fast-Generic-Face-Detector-1MB, Python, 4624, 157, 2019-10-10, 984, 5503, https://github.com/Linzaer/Ultra-Light-Fast-Generic-Face-Detector-1MB
gspread, Python, 4607, 157, 2011-12-02, 678, 3321, https://github.com/burnash/gspread
truffleHog, Python, 4592, 138, 2016-12-31, 565, 580, https://github.com/dxa4481/truffleHog
MMdnn, Python, 4566, 176, 2017-08-16, 849, 39097, https://github.com/microsoft/MMdnn
pytorch-lightning, Python, 4564, 86, 2019-03-31, 484, 18373, https://github.com/PyTorchLightning/pytorch-lightning
folium, Python, 4564, 169, 2013-05-09, 1579, 11958, https://github.com/python-visualization/folium
modin, Python, 4546, 98, 2018-06-21, 289, 40857, https://github.com/modin-project/modin
tensorboard, Python, 4544, 208, 2017-05-15, 1142, 64882, https://github.com/tensorflow/tensorboard
keras-rl, Python, 4540, 229, 2016-07-02, 1129, 5937, https://github.com/keras-rl/keras-rl
marshmallow, Python, 4540, 86, 2013-11-10, 476, 13545, https://github.com/marshmallow-code/marshmallow
grip, Python, 4519, 76, 2012-11-17, 302, 2531, https://github.com/joeyespo/grip
Awesome-CoreML-Models, Python, 4512, 231, 2017-08-22, 359, 115, https://github.com/likedan/Awesome-CoreML-Models
Sublist3r, Python, 4510, 181, 2015-12-15, 1029, 1672, https://github.com/aboul3la/Sublist3r
pyston, Python, 4498, 255, 2014-04-01, 292, 452256, https://github.com/dropbox/pyston
streamlink, Python, 4487, 189, 2016-09-16, 493, 30446, https://github.com/streamlink/streamlink
noteshrink, Python, 4485, 108, 2016-09-06, 311, 620, https://github.com/mzucker/noteshrink
TensorFlow-World, Python, 4482, 173, 2017-03-24, 411, 2793, https://github.com/astorfi/TensorFlow-World
cleverhans, Python, 4478, 194, 2016-09-15, 1074, 40343, https://github.com/tensorflow/cleverhans
stargan, Python, 4473, 139, 2017-11-27, 793, 886, https://github.com/yunjey/stargan
spinningup, Python, 4464, 180, 2018-11-07, 895, 9097, https://github.com/openai/spinningup
hyperopt, Python, 4463, 119, 2011-09-06, 640, 16353, https://github.com/hyperopt/hyperopt
rtv, Python, 4463, 83, 2015-02-08, 242, 14818, https://github.com/michael-lazar/rtv
package_control, Python, 4458, 194, 2011-08-04, 806, 62341, https://github.com/wbond/package_control
ChatBotCourse, Python, 4456, 360, 2016-06-23, 1424, 34, https://github.com/warmheartli/ChatBotCourse
machine_learning_examples, Python, 4455, 542, 2014-07-31, 4194, 51831, https://github.com/lazyprogrammer/machine_learning_examples
robotframework, Python, 4446, 433, 2014-06-27, 1335, 65482, https://github.com/robotframework/robotframework
learn-python3, Python, 4432, 496, 2015-05-15, 4123, 1102, https://github.com/michaelliao/learn-python3
scrapy-redis, Python, 4427, 298, 2011-08-29, 1385, 2130, https://github.com/rmax/scrapy-redis
saws, Python, 4417, 111, 2015-08-24, 234, 4011, https://github.com/donnemartin/saws
WechatSogou, Python, 4408, 263, 2016-05-09, 1378, 43, https://github.com/chyroc/WechatSogou
ipv6-hosts, Python, 4403, 371, 2014-07-15, 1092, 567, https://github.com/lennylxx/ipv6-hosts
setup.py, Python, 4400, 99, 2017-08-28, 417, 141, https://github.com/navdeep-G/setup.py
pix2pixHD, Python, 4399, 158, 2017-12-01, 881, 2404, https://github.com/NVIDIA/pix2pixHD
dgl, Python, 4398, 152, 2018-04-20, 735, 83331, https://github.com/dmlc/dgl
faust, Python, 4391, 127, 2017-03-08, 329, 62759, https://github.com/robinhood/faust
discord.py, Python, 4380, 223, 2015-08-21, 1277, 28840, https://github.com/Rapptz/discord.py
auto-sklearn, Python, 4380, 212, 2015-07-02, 826, 32190, https://github.com/automl/auto-sklearn
gcn, Python, 4375, 135, 2016-11-11, 1328, 708, https://github.com/tkipf/gcn
impacket, Python, 4374, 265, 2015-04-15, 1236, 142354, https://github.com/SecureAuthCorp/impacket
PathPicker, Python, 4367, 131, 2015-05-01, 245, 3710, https://github.com/facebook/PathPicker
acme-tiny, Python, 4362, 167, 2015-11-26, 490, 554, https://github.com/diafygi/acme-tiny
jasper-client, Python, 4353, 283, 2014-03-30, 996, 5024, https://github.com/jasperproject/jasper-client
lbry-sdk, Python, 4344, 152, 2015-08-20, 341, 63679, https://github.com/lbryio/lbry-sdk
labelme, Python, 4335, 107, 2016-05-09, 1342, 1069, https://github.com/wkentaro/labelme
haipproxy, Python, 4327, 196, 2017-09-16, 774, 2145, https://github.com/SpiderClub/haipproxy
models, Python, 4312, 236, 2017-04-20, 1985, 150825, https://github.com/PaddlePaddle/models
dumb-init, Python, 4309, 98, 2015-08-11, 233, 967, https://github.com/Yelp/dumb-init
buildbot, Python, 4300, 210, 2010-07-06, 1320, 133503, https://github.com/buildbot/buildbot
jedi, Python, 4300, 118, 2012-02-19, 379, 42441, https://github.com/davidhalter/jedi
googler, Python, 4292, 142, 2015-08-16, 357, 1, https://github.com/jarun/googler
xadmin, Python, 4290, 279, 2012-11-19, 1282, 12358, https://github.com/sshwsfc/xadmin
imbalanced-learn, Python, 4286, 152, 2014-08-16, 879, 20686, https://github.com/scikit-learn-contrib/imbalanced-learn
graph_nets, Python, 4281, 220, 2018-08-31, 634, 11178, https://github.com/deepmind/graph_nets
channels, Python, 4280, 180, 2015-06-03, 580, 4724, https://github.com/django/channels
youtube-dl-gui, Python, 4269, 225, 2014-03-01, 617, 7945, https://github.com/MrS0m30n3/youtube-dl-gui
subsync, Python, 4265, 69, 2019-02-24, 147, 1273, https://github.com/smacke/subsync
spiderfoot, Python, 4263, 247, 2012-04-28, 784, 37205, https://github.com/smicallef/spiderfoot
weibospider, Python, 4261, 301, 2016-06-27, 1121, 1428, https://github.com/SpiderClub/weibospider
Stream-Framework, Python, 4255, 227, 2012-08-08, 493, 8426, https://github.com/tschellenbach/Stream-Framework
pydub, Python, 4244, 125, 2011-05-02, 573, 4488, https://github.com/jiaaro/pydub
httpx, Python, 4239, 67, 2019-04-04, 247, 12370, https://github.com/encode/httpx
seq2seq-couplet, Python, 4222, 125, 2018-02-24, 846, 683, https://github.com/wb14123/seq2seq-couplet
hypothesis, Python, 4214, 70, 2013-03-10, 369, 46482, https://github.com/HypothesisWorks/hypothesis
augmented-traffic-control, Python, 4208, 269, 2014-03-21, 563, 8065, https://github.com/facebookarchive/augmented-traffic-control
knowledge-repo, Python, 4206, 203, 2016-08-17, 541, 10418, https://github.com/airbnb/knowledge-repo
OctoPrint, Python, 4204, 357, 2012-12-31, 1155, 67142, https://github.com/OctoPrint/OctoPrint
flashtext, Python, 4202, 135, 2017-08-15, 462, 1426, https://github.com/vi3k6i5/flashtext
django-oscar, Python, 4200, 268, 2010-12-08, 1524, 55701, https://github.com/django-oscar/django-oscar
csvkit, Python, 4194, 137, 2011-04-01, 505, 5330, https://github.com/wireservice/csvkit
sketch-code, Python, 4185, 217, 2018-01-19, 542, 1042, https://github.com/ashnkumar/sketch-code
jrnl, Python, 4183, 96, 2012-03-29, 387, 2636, https://github.com/jrnl-org/jrnl
pdfminer, Python, 4171, 221, 2010-12-12, 865, 13929, https://github.com/euske/pdfminer
flower, Python, 4168, 137, 2012-07-08, 681, 5240, https://github.com/mher/flower
mycroft-core, Python, 4159, 287, 2016-05-20, 903, 32198, https://github.com/MycroftAI/mycroft-core
clusterfuzz, Python, 4158, 109, 2019-01-29, 345, 132178, https://github.com/google/clusterfuzz
flask-admin, Python, 4145, 162, 2012-03-18, 1143, 26954, https://github.com/flask-admin/flask-admin
Minecraft, Python, 4138, 245, 2012-01-30, 858, 902, https://github.com/fogleman/Minecraft
tiler, Python, 4129, 51, 2019-09-07, 227, 305, https://github.com/nuno-faria/tiler
d2l-en, Python, 4120, 170, 2018-10-09, 1056, 2641, https://github.com/d2l-ai/d2l-en
angr, Python, 4115, 199, 2015-08-06, 666, 126384, https://github.com/angr/angr
huxley, Python, 4115, 217, 2013-07-30, 292, 846, https://github.com/facebookarchive/huxley
pip-tools, Python, 4114, 86, 2012-09-10, 330, 6322, https://github.com/jazzband/pip-tools
pidcat, Python, 4108, 119, 2013-06-12, 426, 360, https://github.com/JakeWharton/pidcat
DeepPavlov, Python, 4105, 199, 2017-11-17, 748, 35236, https://github.com/deepmipt/DeepPavlov
commonmark-spec, Python, 4097, 151, 2014-08-14, 238, 377, https://github.com/commonmark/commonmark-spec
pre-commit, Python, 4094, 58, 2014-03-13, 284, 11452, https://github.com/pre-commit/pre-commit
python_koans, Python, 4065, 304, 2010-03-01, 2181, 10559, https://github.com/gregmalcolm/python_koans
AutoSploit, Python, 4065, 222, 2018-01-30, 1009, 2917, https://github.com/NullArray/AutoSploit
awesome-honeypots, Python, 4061, 321, 2015-06-18, 724, 19, https://github.com/paralax/awesome-honeypots
meshroom, Python, 4056, 251, 2015-04-22, 397, 14154, https://github.com/alicevision/meshroom
asyncpg, Python, 4056, 135, 2016-07-19, 199, 16188, https://github.com/MagicStack/asyncpg
bips, Python, 4055, 641, 2013-11-19, 2143, 812, https://github.com/bitcoin/bips
troposphere, Python, 4051, 195, 2012-12-12, 1220, 35746, https://github.com/cloudtools/troposphere
hue, Python, 4045, 342, 2010-06-21, 1517, -1, https://github.com/cloudera/hue
httpstat, Python, 4045, 125, 2016-08-30, 263, 394, https://github.com/reorx/httpstat
persepolis, Python, 4040, 188, 2016-07-15, 466, 42013, https://github.com/persepolisdm/persepolis
mezzanine, Python, 4039, 262, 2010-05-29, 1404, 19071, https://github.com/stephenmcd/mezzanine
trax, Python, 4036, 117, 2019-10-05, 285, 41010, https://github.com/google/trax
lihang_book_algorithm, Python, 4027, 214, 2016-07-16, 1504, 273, https://github.com/WenDesi/lihang_book_algorithm
opendrop, Python, 4026, 52, 2019-05-14, 113, 1327, https://github.com/seemoo-lab/opendrop
PyTorch-YOLOv3, Python, 4019, 87, 2018-05-21, 1490, 1303, https://github.com/eriklindernoren/PyTorch-YOLOv3
OpenNMT-py, Python, 4001, 162, 2017-02-22, 1421, 1850, https://github.com/OpenNMT/OpenNMT-py
watchdog, Python, 3999, 138, 2010-10-23, 481, 8955, https://github.com/gorakhargosh/watchdog
serenata-de-amor, Python, 3996, 410, 2016-06-27, 678, 9917, https://github.com/okfn-brasil/serenata-de-amor
cupy, Python, 3988, 112, 2016-11-01, 339, 68153, https://github.com/cupy/cupy
pycodestyle, Python, 3988, 128, 2009-10-02, 529, 7029, https://github.com/PyCQA/pycodestyle
peda, Python, 3959, 201, 2012-08-03, 588, 8714, https://github.com/longld/peda
learning-to-learn, Python, 3955, 213, 2016-12-06, 564, 2206, https://github.com/deepmind/learning-to-learn
python-docs-samples, Python, 3953, 259, 2015-05-04, 4011, 107367, https://github.com/GoogleCloudPlatform/python-docs-samples
security_monkey, Python, 3948, 553, 2014-06-27, 704, 42741, https://github.com/Netflix/security_monkey
BayesianOptimization, Python, 3937, 142, 2014-06-06, 875, 2069, https://github.com/fmfn/BayesianOptimization
pygorithm, Python, 3932, 157, 2017-07-31, 435, 13634, https://github.com/OmkarPathak/pygorithm
kinto, Python, 3930, 110, 2015-02-25, 364, 34006, https://github.com/Kinto/kinto
DeepLearningTutorials, Python, 3904, 432, 2010-01-07, 1840, 8893, https://github.com/lisa-lab/DeepLearningTutorials
isso, Python, 3904, 106, 2012-10-17, 330, 3128, https://github.com/posativ/isso
Surprise, Python, 3892, 140, 2016-10-23, 710, 6800, https://github.com/NicolasHug/Surprise
research, Python, 3892, 387, 2016-08-03, 1135, 2265, https://github.com/commaai/research
GitGutter, Python, 3880, 86, 2012-12-08, 207, 21, https://github.com/jisaacks/GitGutter
byob, Python, 3879, 211, 2017-12-18, 799, 9401, https://github.com/malwaredllc/byob
platformio-core, Python, 3879, 164, 2014-05-09, 450, 24134, https://github.com/platformio/platformio-core
DataSciencePython, Python, 3874, 327, 2015-10-06, 1101, 815, https://github.com/ujjwalkarn/DataSciencePython
tensorflow_practice, Python, 3869, 194, 2018-02-23, 2153, 6053, https://github.com/princewen/tensorflow_practice
xmltodict, Python, 3865, 101, 2012-04-17, 355, 1664, https://github.com/martinblech/xmltodict
nlp-recipes, Python, 3864, 130, 2019-04-05, 412, 24321, https://github.com/microsoft/nlp-recipes
uds, Python, 3856, 73, 2018-07-18, 229, 925, https://github.com/stewartmcgown/uds
electrum, Python, 3852, 274, 2012-08-02, 1294, 70487, https://github.com/spesmilo/electrum
Deep-Learning-21-Examples, Python, 3842, 163, 2018-01-01, 1587, 95104, https://github.com/hzy46/Deep-Learning-21-Examples
english-words, Python, 3832, 163, 2014-07-13, 859, 51, https://github.com/dwyl/english-words
neon, Python, 3829, 349, 2014-10-16, 823, 73243, https://github.com/NervanaSystems/neon
rockstar, Python, 3815, 109, 2015-07-16, 251, 662, https://github.com/avinassh/rockstar
twisted, Python, 3809, 176, 2011-07-01, 916, 389864, https://github.com/twisted/twisted
onionshare, Python, 3809, 178, 2014-05-20, 422, 12287, https://github.com/micahflee/onionshare
django-crispy-forms, Python, 3809, 126, 2011-11-01, 616, 5491, https://github.com/django-crispy-forms/django-crispy-forms
discover-flask, Python, 3809, 236, 2014-06-03, 638, 718, https://github.com/realpython/discover-flask
pendulum, Python, 3805, 60, 2016-06-27, 195, 20131, https://github.com/sdispater/pendulum
example-code, Python, 3802, 267, 2014-10-14, 1495, 20481, https://github.com/fluentpython/example-code
attention-is-all-you-need-pytorch, Python, 3789, 87, 2017-06-14, 955, 1767, https://github.com/jadore801120/attention-is-all-you-need-pytorch
dataset, Python, 3770, 220, 2016-09-29, 554, 464, https://github.com/openimages/dataset
edgedb, Python, 3768, 70, 2017-06-29, 86, 127501, https://github.com/edgedb/edgedb
pytorch-cnn-visualizations, Python, 3757, 79, 2017-10-21, 778, 1267, https://github.com/utkuozbulak/pytorch-cnn-visualizations
AlphaPose, Python, 3753, 175, 2018-01-17, 995, 13394, https://github.com/MVIG-SJTU/AlphaPose
dataset, Python, 3749, 99, 2013-04-01, 240, 2322, https://github.com/pudo/dataset
pywal, Python, 3749, 56, 2017-06-16, 157, 2054, https://github.com/dylanaraps/pywal
pywonderland, Python, 3743, 158, 2016-11-08, 326, 6884, https://github.com/neozhaoliang/pywonderland
umap, Python, 3743, 121, 2017-07-02, 366, 11715, https://github.com/lmcinnes/umap
livestreamer, Python, 3740, 222, 2011-08-15, 567, 21156, https://github.com/chrippa/livestreamer
dl-docker, Python, 3739, 167, 2016-06-04, 765, 26, https://github.com/floydhub/dl-docker
snorkel, Python, 3738, 163, 2016-02-26, 635, 13591, https://github.com/snorkel-team/snorkel
shadowbroker, Python, 3733, 431, 2017-04-14, 320, 297623, https://github.com/misterch0c/shadowbroker
kafka-python, Python, 3729, 140, 2012-09-24, 998, 28924, https://github.com/dpkp/kafka-python
st2, Python, 3729, 165, 2014-04-23, 449, 126041, https://github.com/StackStorm/st2
Lasagne, Python, 3726, 218, 2014-09-11, 934, 23078, https://github.com/Lasagne/Lasagne
PRNet, Python, 3724, 191, 2018-03-20, 733, 1329, https://github.com/YadiraF/PRNet
stanza, Python, 3720, 125, 2017-09-26, 466, 16715, https://github.com/stanfordnlp/stanza
IPProxyPool, Python, 3711, 224, 2016-07-21, 1187, 0, https://github.com/qiyeboy/IPProxyPool
MachineLearning, Python, 3706, 403, 2014-12-05, 2682, 1912, https://github.com/wepe/MachineLearning
fuckitpy, Python, 3705, 95, 2013-06-21, 142, 309, https://github.com/ajalt/fuckitpy
deep-learning-roadmap, Python, 3700, 204, 2019-01-07, 555, 172, https://github.com/machinelearningmindset/deep-learning-roadmap
ntfy, Python, 3699, 74, 2015-12-17, 160, 2962, https://github.com/dschep/ntfy
starlette, Python, 3689, 114, 2018-06-25, 275, 6803, https://github.com/encode/starlette
DrQA, Python, 3685, 165, 2017-07-07, 762, 5355, https://github.com/facebookresearch/DrQA
conan, Python, 3681, 127, 2015-12-01, 481, 110019, https://github.com/conan-io/conan
rqalpha, Python, 3680, 433, 2016-07-20, 1264, 0, https://github.com/ricequant/rqalpha
face-alignment, Python, 3676, 159, 2017-09-15, 805, 1612, https://github.com/1adrianb/face-alignment
tablib, Python, 3673, 143, 2011-03-28, 530, 5812, https://github.com/jazzband/tablib
Tensorflow-Tutorial, Python, 3672, 256, 2017-05-10, 1749, 1691, https://github.com/MorvanZhou/Tensorflow-Tutorial
Airtest, Python, 3671, 191, 2018-01-24, 607, 1437, https://github.com/AirtestProject/Airtest
statuspage, Python, 3670, 38, 2016-02-26, 174, 729, https://github.com/jayfk/statuspage
EfficientNet-PyTorch, Python, 3670, 116, 2019-05-30, 650, 3333, https://github.com/lukemelas/EfficientNet-PyTorch
CapsNet-Tensorflow, Python, 3659, 263, 2017-10-28, 1103, 983, https://github.com/naturomics/CapsNet-Tensorflow
CouchPotatoServer, Python, 3651, 288, 2011-02-06, 1205, 170431, https://github.com/CouchPotato/CouchPotatoServer
gluon-cv, Python, 3646, 146, 2018-02-26, 839, 70502, https://github.com/dmlc/gluon-cv
PokemonGo-Bot, Python, 3646, 328, 2016-07-20, 1550, 22223, https://github.com/PokemonGoF/PokemonGo-Bot
redis-rdb-tools, Python, 3645, 197, 2012-03-10, 540, 3716, https://github.com/sripathikrishnan/redis-rdb-tools
xonsh, Python, 3645, 103, 2015-01-21, 379, 14994, https://github.com/xonsh/xonsh
textgenrnn, Python, 3645, 140, 2017-08-07, 544, 285, https://github.com/minimaxir/textgenrnn
storm, Python, 3644, 89, 2013-05-20, 149, 1977, https://github.com/emre/storm
stellar, Python, 3634, 75, 2014-06-27, 104, 1064, https://github.com/fastmonkeys/stellar
django-tastypie, Python, 3632, 133, 2010-03-29, 1084, 22518, https://github.com/django-tastypie/django-tastypie
easytrader, Python, 3632, 492, 2015-12-05, 1546, 0, https://github.com/shidenggui/easytrader
better-exceptions, Python, 3631, 72, 2017-03-12, 160, 952, https://github.com/Qix-/better-exceptions
keras-retinanet, Python, 3629, 132, 2017-08-14, 1565, 8406, https://github.com/fizyr/keras-retinanet
dirsearch, Python, 3627, 156, 2013-04-30, 884, 27367, https://github.com/maurosoria/dirsearch
CenterNet, Python, 3623, 93, 2019-04-16, 998, 10668, https://github.com/xingyizhou/CenterNet
apex, Python, 3623, 93, 2018-04-23, 453, 21189, https://github.com/NVIDIA/apex
stylegan2, Python, 3621, 191, 2019-11-26, 558, 7683, https://github.com/NVlabs/stylegan2
pyautogui, Python, 3620, 144, 2014-07-17, 500, 4564, https://github.com/asweigart/pyautogui
vprof, Python, 3614, 74, 2015-06-29, 148, 2571, https://github.com/nvdv/vprof
twint, Python, 3612, 136, 2017-06-10, 619, 3088, https://github.com/twintproject/twint
scikit-image, Python, 3602, 193, 2011-07-07, 1491, 83529, https://github.com/scikit-image/scikit-image
arxiv-sanity-preserver, Python, 3602, 167, 2015-11-28, 1039, 1576, https://github.com/karpathy/arxiv-sanity-preserver
iGAN, Python, 3599, 177, 2016-09-21, 535, 4355, https://github.com/junyanz/iGAN
pyodide, Python, 3590, 111, 2018-02-23, 221, 5406, https://github.com/iodide-project/pyodide
Flask-SocketIO, Python, 3589, 106, 2014-02-09, 655, 2598, https://github.com/miguelgrinberg/Flask-SocketIO
mimic, Python, 3589, 80, 2015-10-17, 98, 462, https://github.com/reinderien/mimic
ptpython, Python, 3585, 71, 2014-09-29, 192, 4955, https://github.com/prompt-toolkit/ptpython
qqbot, Python, 3575, 191, 2016-07-29, 881, 9, https://github.com/pandolia/qqbot
theHarvester, Python, 3575, 224, 2011-01-01, 930, 4035, https://github.com/laramies/theHarvester
backtrader, Python, 3565, 406, 2015-01-10, 1065, 55026, https://github.com/mementum/backtrader
ggpy, Python, 3555, 140, 2013-10-07, 546, 8358, https://github.com/yhat/ggpy
tensorflow-generative-model-collections, Python, 3540, 159, 2017-08-24, 802, 3888, https://github.com/hwalsuklee/tensorflow-generative-model-collections
WeRoBot, Python, 3527, 254, 2013-01-30, 849, 415, https://github.com/offu/WeRoBot
iOS-DeviceSupport, Python, 3525, 147, 2017-04-07, 507, 46, https://github.com/iGhibli/iOS-DeviceSupport
maltrail, Python, 3519, 214, 2014-12-04, 639, 7001, https://github.com/stamparm/maltrail
volatility, Python, 3519, 284, 2014-04-24, 731, 605274, https://github.com/volatilityfoundation/volatility
conda, Python, 3510, 194, 2012-10-15, 833, 45891, https://github.com/conda/conda
colornet, Python, 3510, 136, 2016-04-19, 310, 358, https://github.com/pavelgonchar/colornet
multi-v2ray, Python, 3499, 130, 2018-05-06, 1467, 43, https://github.com/Jrohy/multi-v2ray
sync-engine, Python, 3499, 183, 2014-01-15, 351, 62272, https://github.com/nylas/sync-engine
deap, Python, 3496, 188, 2014-05-21, 736, 16671, https://github.com/DEAP/deap
django-cors-headers, Python, 3495, 66, 2013-01-19, 378, 1222, https://github.com/adamchainz/django-cors-headers
PySimpleGUI, Python, 3492, 130, 2018-07-11, 542, 73663, https://github.com/PySimpleGUI/PySimpleGUI
pytorch-examples, Python, 3485, 145, 2017-01-23, 763, 623, https://github.com/jcjohnson/pytorch-examples
virtualenv, Python, 3481, 161, 2011-03-06, 785, 9458, https://github.com/pypa/virtualenv
buku, Python, 3479, 76, 2015-11-01, 197, 1737, https://github.com/jarun/buku
deep-visualization-toolbox, Python, 3475, 173, 2015-04-25, 865, 4722, https://github.com/yosinski/deep-visualization-toolbox
openstack, Python, 3475, 587, 2013-10-24, 1373, 68, https://github.com/openstack/openstack
Telethon, Python, 3457, 109, 2016-08-26, 484, 24699, https://github.com/LonamiWebs/Telethon
responder, Python, 3453, 114, 2018-10-09, 216, 3468, https://github.com/taoufik07/responder
roboto, Python, 3449, 158, 2015-04-11, 274, 8231, https://github.com/google/roboto
WeasyPrint, Python, 3448, 129, 2011-08-09, 350, 17434, https://github.com/Kozea/WeasyPrint
ssd.pytorch, Python, 3446, 79, 2017-02-08, 1261, 2465, https://github.com/amdegroot/ssd.pytorch
robobrowser, Python, 3443, 119, 2014-02-08, 304, 3116, https://github.com/jmcarp/robobrowser
TensorFlowOnSpark, Python, 3441, 293, 2017-01-20, 869, 10542, https://github.com/yahoo/TensorFlowOnSpark
MechanicalSoup, Python, 3439, 106, 2014-05-26, 280, 3215, https://github.com/MechanicalSoup/MechanicalSoup
spotify-downloader, Python, 3438, 104, 2016-07-06, 471, 3301, https://github.com/ritiek/spotify-downloader
bigchaindb, Python, 3438, 235, 2016-02-08, 669, 13252, https://github.com/bigchaindb/bigchaindb
google-api-python-client, Python, 3435, 236, 2014-01-08, 1468, 14291, https://github.com/googleapis/google-api-python-client
instagram-scraper, Python, 3432, 165, 2013-04-09, 750, 1572, https://github.com/rarcega/instagram-scraper
Pokemon-Terminal, Python, 3429, 54, 2017-04-18, 174, 2007, https://github.com/LazoCoder/Pokemon-Terminal
AidLearning-FrameWork, Python, 3423, 160, 2019-04-19, 479, 2527, https://github.com/aidlearning/AidLearning-FrameWork
grr, Python, 3422, 335, 2013-12-04, 589, 51653, https://github.com/google/grr
moto, Python, 3418, 63, 2013-02-18, 1028, 188757, https://github.com/spulec/moto
hy, Python, 3416, 122, 2012-12-15, 297, 6011, https://github.com/hylang/hy
librosa, Python, 3413, 132, 2012-10-20, 581, 30833, https://github.com/librosa/librosa
image-analogies, Python, 3412, 133, 2016-02-28, 278, 1232, https://github.com/awentzonline/image-analogies
sqlalchemy, Python, 3399, 152, 2013-05-25, 873, 366010, https://github.com/zzzeek/sqlalchemy
Learning-to-See-in-the-Dark, Python, 3399, 150, 2018-04-05, 614, 848, https://github.com/cchen156/Learning-to-See-in-the-Dark
ta-lib, Python, 3397, 290, 2012-03-23, 763, 2289, https://github.com/mrjbq7/ta-lib
learn-python, Python, 3385, 261, 2018-08-29, 576, 1619, https://github.com/trekhleb/learn-python
line_profiler, Python, 3379, 86, 2014-08-31, 228, 964, https://github.com/rkern/line_profiler
instabot, Python, 3379, 213, 2017-01-13, 985, 15042, https://github.com/instagrambot/instabot
nameko, Python, 3375, 155, 2013-02-26, 319, 21866, https://github.com/nameko/nameko
RxPY, Python, 3374, 107, 2013-03-22, 267, 50406, https://github.com/ReactiveX/RxPY
QUANTAXIS, Python, 3374, 430, 2016-03-29, 1305, 1552, https://github.com/QUANTAXIS/QUANTAXIS
ffmpeg-python, Python, 3373, 78, 2017-05-14, 324, 3475, https://github.com/kkroening/ffmpeg-python
Eel, Python, 3365, 122, 2017-12-27, 296, 814, https://github.com/samuelhwilliams/Eel
awslogs, Python, 3362, 64, 2015-01-21, 240, 1258, https://github.com/jorgebastida/awslogs
tinydb, Python, 3361, 96, 2013-07-12, 301, 2753, https://github.com/msiemens/tinydb
BERT-pytorch, Python, 3353, 119, 2018-10-15, 670, 974, https://github.com/codertimo/BERT-pytorch
jupytext, Python, 3351, 68, 2018-06-15, 199, 20191, https://github.com/mwouts/jupytext
awesome-math, Python, 3344, 181, 2015-09-02, 486, 67, https://github.com/rossant/awesome-math
speech-to-text-wavenet, Python, 3341, 202, 2016-11-14, 699, 663, https://github.com/buriburisuri/speech-to-text-wavenet
CrackMapExec, Python, 3339, 271, 2015-08-14, 792, 5029, https://github.com/byt3bl33d3r/CrackMapExec
pyramid, Python, 3338, 177, 2010-10-24, 827, 49344, https://github.com/Pylons/pyramid
Cactus, Python, 3336, 131, 2011-02-28, 302, 8289, https://github.com/eudicots/Cactus
grequests, Python, 3331, 117, 2012-05-10, 264, 443, https://github.com/spyoungtech/grequests
codemod, Python, 3331, 61, 2009-04-02, 156, 1079, https://github.com/facebook/codemod
cvat, Python, 3329, 141, 2018-06-29, 817, 35177, https://github.com/opencv/cvat
proselint, Python, 3323, 52, 2015-01-14, 144, 3397, https://github.com/amperser/proselint
autopep8, Python, 3307, 67, 2010-12-29, 208, 11633, https://github.com/hhatto/autopep8
PyGithub, Python, 3299, 96, 2012-02-25, 1022, 37809, https://github.com/PyGithub/PyGithub
Tautulli, Python, 3294, 267, 2015-02-22, 480, 197789, https://github.com/Tautulli/Tautulli
mininet, Python, 3293, 303, 2011-04-21, 1289, 16004, https://github.com/mininet/mininet
guake, Python, 3288, 151, 2012-05-15, 491, 10308, https://github.com/Guake/guake
tf-faster-rcnn, Python, 3288, 115, 2017-01-23, 1533, 5347, https://github.com/endernewton/tf-faster-rcnn
weight-loss, Python, 3274, 114, 2016-07-09, 145, 0, https://github.com/arielf/weight-loss
gmvault, Python, 3271, 81, 2011-12-16, 238, 5635, https://github.com/gaubert/gmvault
datasette, Python, 3264, 69, 2017-10-23, 169, 9164, https://github.com/simonw/datasette
icdiff, Python, 3263, 65, 2010-08-02, 145, 21, https://github.com/jeffkaufman/icdiff
s3cmd, Python, 3261, 108, 2011-06-07, 734, 0, https://github.com/s3tools/s3cmd
vaex, Python, 3249, 89, 2014-09-27, 249, 60314, https://github.com/vaexio/vaex
DeepLearning.ai-Summary, Python, 3250, 154, 2017-11-12, 1725, 48, https://github.com/mbadry1/DeepLearning.ai-Summary
documentation, Python, 3246, 317, 2014-02-06, 1413, 0, https://github.com/raspberrypi/documentation
curio, Python, 3243, 159, 2015-10-11, 203, 15143, https://github.com/dabeaz/curio
lektor, Python, 3241, 98, 2015-12-19, 242, 16501, https://github.com/lektor/lektor
flocker, Python, 3236, 177, 2014-04-28, 276, 113666, https://github.com/ClusterHQ/flocker
sklearn-doc-zh, Python, 3235, 165, 2017-09-27, 1050, 0, https://github.com/apachecn/sklearn-doc-zh
me_cleaner, Python, 3233, 187, 2016-11-14, 195, 984, https://github.com/corna/me_cleaner
DeepNude-an-Image-to-Image-technology, Python, 3231, 192, 2019-06-28, 1420, 2281, https://github.com/yuanxiaosc/DeepNude-an-Image-to-Image-technology
cryptography, Python, 3229, 113, 2013-08-07, 645, 58898, https://github.com/pyca/cryptography
s2client-proto, Python, 3223, 206, 2017-07-22, 375, 351, https://github.com/Blizzard/s2client-proto
whereami, Python, 3223, 83, 2016-09-18, 185, 489, https://github.com/kootenpv/whereami
dnsmasq-china-list, Python, 3220, 217, 2013-06-02, 533, 408, https://github.com/felixonmars/dnsmasq-china-list
skflow, Python, 3207, 171, 2015-11-18, 445, 722, https://github.com/tensorflow/skflow
snips-nlu, Python, 3205, 136, 2017-02-08, 393, 26411, https://github.com/snipsco/snips-nlu
sphinx, Python, 3201, 128, 2015-01-02, 1190, 62793, https://github.com/sphinx-doc/sphinx
lutris, Python, 3193, 123, 2013-10-08, 288, 28194, https://github.com/lutris/lutris
dcgan_code, Python, 3191, 169, 2015-11-23, 653, 1650, https://github.com/Newmu/dcgan_code
mkcast, Python, 3182, 53, 2015-01-08, 48, 0, https://github.com/tckmn/mkcast
pyjwt, Python, 3178, 59, 2011-02-24, 393, 4479, https://github.com/jpadilla/pyjwt
tribler, Python, 3175, 145, 2013-02-25, 360, 55951, https://github.com/Tribler/tribler
distribute_crawler, Python, 3171, 363, 2013-04-17, 1547, -1, https://github.com/gnemoug/distribute_crawler
google-cloud-python, Python, 3162, 290, 2014-01-28, 1236, 1253, https://github.com/googleapis/google-cloud-python
Tensorflow-Project-Template, Python, 3159, 153, 2018-01-21, 722, 344, https://github.com/MrGemy95/Tensorflow-Project-Template
pampy, Python, 3149, 69, 2018-11-08, 103, 1262, https://github.com/santinic/pampy
rebound, Python, 3145, 85, 2018-02-28, 275, 969, https://github.com/shobrook/rebound
PlainTasks, Python, 3141, 109, 2012-04-16, 283, 0, https://github.com/aziz/PlainTasks
PyTorchZeroToAll, Python, 3138, 144, 2017-10-04, 994, 2122, https://github.com/hunkim/PyTorchZeroToAll
awesome-graph-classification, Python, 3138, 179, 2018-07-14, 508, 4, https://github.com/benedekrozemberczki/awesome-graph-classification
cookiecutter-flask, Python, 3137, 103, 2013-08-16, 570, 1086, https://github.com/cookiecutter-flask/cookiecutter-flask
patroni, Python, 3135, 109, 2015-07-08, 347, 19599, https://github.com/zalando/patroni
Responder, Python, 3134, 265, 2012-10-24, 660, 5922, https://github.com/SpiderLabs/Responder
pysot, Python, 3134, 181, 2019-05-07, 827, 8732, https://github.com/STVIR/pysot
sublime-jsdocs, Python, 3134, 86, 2011-09-27, 295, 2045, https://github.com/spadgos/sublime-jsdocs
tlroadmap, Python, 3129, 158, 2019-07-19, 290, 94, https://github.com/tlbootcamp/tlroadmap
maya, Python, 3126, 73, 2016-12-16, 178, 2139, https://github.com/timofurrer/maya
python-small-examples, Python, 3123, 136, 2019-11-17, 663, 15, https://github.com/jackzhenguo/python-small-examples
monkey, Python, 3116, 169, 2015-08-30, 396, 22180, https://github.com/guardicore/monkey
cookiecutter-data-science, Python, 3115, 89, 2015-10-30, 985, 469, https://github.com/drivendata/cookiecutter-data-science
kaggle-api, Python, 3105, 157, 2018-01-25, 644, 11132, https://github.com/Kaggle/kaggle-api
metaflow, Python, 3103, 158, 2019-09-17, 216, 16069, https://github.com/Netflix/metaflow
w3af, Python, 3103, 184, 2011-08-31, 937, 282598, https://github.com/andresriancho/w3af
pythia, Python, 3102, 100, 2018-06-27, 388, 19878, https://github.com/facebookresearch/pythia
v2ex-gae, Python, 3101, 176, 2010-07-16, 489, 423, https://github.com/livid/v2ex-gae
pyppeteer, Python, 3098, 95, 2017-08-28, 320, 10500, https://github.com/miyakogi/pyppeteer
papermill, Python, 3097, 101, 2017-07-06, 238, 3169, https://github.com/nteract/papermill
semantic-segmentation-pytorch, Python, 3094, 113, 2017-10-07, 655, 4719, https://github.com/CSAILVision/semantic-segmentation-pytorch
haxor-news, Python, 3093, 55, 2015-11-16, 147, 5498, https://github.com/donnemartin/haxor-news
rainbowstream, Python, 3091, 107, 2014-05-05, 254, 5613, https://github.com/orakaro/rainbowstream
mongoengine, Python, 3089, 137, 2012-03-05, 1012, 13460, https://github.com/MongoEngine/mongoengine
osx-gcc-installer, Python, 3086, 158, 2011-07-29, 197, 48, https://github.com/not-kennethreitz/osx-gcc-installer
tf-pose-estimation, Python, 3086, 144, 2017-07-31, 1163, 5808, https://github.com/ildoonet/tf-pose-estimation
Deformable-ConvNets, Python, 3083, 121, 2017-05-05, 779, 32743, https://github.com/msracver/Deformable-ConvNets
cowrie, Python, 3082, 141, 2015-05-12, 545, 21298, https://github.com/cowrie/cowrie
mantl, Python, 3078, 205, 2015-01-27, 434, 2529, https://github.com/mantl/mantl
trio, Python, 3070, 92, 2017-01-16, 178, 32697, https://github.com/python-trio/trio
wal-e, Python, 3068, 75, 2013-01-18, 258, 11644, https://github.com/wal-e/wal-e
deep-voice-conversion, Python, 3067, 159, 2017-10-16, 670, 1733, https://github.com/andabi/deep-voice-conversion
ERNIE, Python, 3067, 167, 2019-03-03, 707, 13477, https://github.com/PaddlePaddle/ERNIE
Lihang, Python, 3067, 130, 2018-06-19, 926, 0, https://github.com/SmirkCao/Lihang
samplemod, Python, 3064, 109, 2012-04-17, 1066, 322, https://github.com/navdeep-G/samplemod
flask-sqlalchemy, Python, 3056, 121, 2010-06-01, 728, 2560, https://github.com/pallets/flask-sqlalchemy
PyPDF2, Python, 3050, 146, 2012-01-06, 706, 6457, https://github.com/mstamy2/PyPDF2
ptf, Python, 3048, 273, 2015-05-12, 821, 10153, https://github.com/trustedsec/ptf
learn_python3_spider, Python, 3044, 155, 2019-04-02, 946, -1, https://github.com/wistbean/learn_python3_spider
pytorch-image-models, Python, 3042, 116, 2019-02-02, 392, 17247, https://github.com/rwightman/pytorch-image-models
DeepCTR, Python, 3039, 127, 2017-10-07, 932, 9806, https://github.com/shenweichen/DeepCTR
Deep-Learning-Roadmap, Python, 3035, 141, 2018-08-12, 293, 172, https://github.com/astorfi/Deep-Learning-Roadmap
Sick-Beard, Python, 3031, 198, 2010-03-16, 1367, 98136, https://github.com/midgetspy/Sick-Beard
esptool, Python, 3029, 220, 2014-09-06, 794, 11435, https://github.com/espressif/esptool
connexion, Python, 3026, 86, 2015-05-19, 512, 14385, https://github.com/zalando/connexion
stack-overflow-import, Python, 3019, 68, 2016-10-27, 106, 159, https://github.com/drathier/stack-overflow-import
flask_jsondash, Python, 3013, 106, 2016-02-18, 267, 4870, https://github.com/christabor/flask_jsondash
lightfm, Python, 3012, 106, 2015-07-30, 498, 4724, https://github.com/lyst/lightfm
skorch, Python, 3011, 82, 2017-07-18, 229, 17851, https://github.com/skorch-dev/skorch
OnlineJudge, Python, 3007, 190, 2015-08-15, 809, 2820, https://github.com/QingdaoU/OnlineJudge
attrs, Python, 3006, 52, 2015-01-27, 207, 10495, https://github.com/python-attrs/attrs
wifijammer, Python, 3006, 207, 2014-01-26, 595, 19, https://github.com/DanMcInerney/wifijammer
pyAudioAnalysis, Python, 3006, 188, 2014-08-27, 821, 5318, https://github.com/tyiannak/pyAudioAnalysis
pyod, Python, 3003, 113, 2017-10-03, 596, 10418, https://github.com/yzhao062/pyod
mongo-python-driver, Python, 3001, 252, 2009-01-15, 834, 35955, https://github.com/mongodb/mongo-python-driver
toapi, Python, 2998, 79, 2017-11-27, 190, 319, https://github.com/gaojiuli/toapi
tensorflow_poems, Python, 2997, 166, 2017-03-08, 813, 346, https://github.com/jinfagang/tensorflow_poems
flan, Python, 2996, 61, 2019-10-28, 185, 741, https://github.com/cloudflare/flan
FastMaskRCNN, Python, 2995, 231, 2017-03-25, 1079, 9661, https://github.com/CharlesShang/FastMaskRCNN
fn.py, Python, 2988, 140, 2013-01-13, 170, 2839, https://github.com/kachayev/fn.py
kubernetes-workshop, Python, 2984, 59, 2019-08-17, 184, 62, https://github.com/eon01/kubernetes-workshop
transformer, Python, 2980, 101, 2017-06-17, 1001, 991, https://github.com/Kyubyong/transformer
iOS-Universal-Framework, Python, 2977, 217, 2011-03-06, 481, 962, https://github.com/kstenerud/iOS-Universal-Framework
seq2seq, Python, 2976, 165, 2015-11-07, 840, 481, https://github.com/farizrahman4u/seq2seq
coala, Python, 2972, 107, 2014-05-15, 1329, 43066, https://github.com/coala/coala
Legofy, Python, 2971, 80, 2015-10-15, 160, 2760, https://github.com/JuanPotato/Legofy
brython, Python, 2969, 122, 2014-09-15, 291, 51442, https://github.com/brython-dev/brython
profiling, Python, 2966, 81, 2014-09-03, 111, 4664, https://github.com/what-studio/profiling
MatchZoo, Python, 2965, 169, 2017-06-08, 779, 12466, https://github.com/NTMC-Community/MatchZoo
diff-match-patch, Python, 2965, 96, 2018-01-23, 515, 5738, https://github.com/google/diff-match-patch
pygta5, Python, 2959, 210, 2017-04-05, 647, 8073, https://github.com/Sentdex/pygta5
trfl, Python, 2958, 215, 2018-08-08, 354, 5978, https://github.com/deepmind/trfl
androguard, Python, 2957, 220, 2014-09-12, 702, 38128, https://github.com/androguard/androguard
calibre-web, Python, 2953, 138, 2015-08-02, 429, 5159, https://github.com/janeczku/calibre-web
SinaSpider, Python, 2952, 250, 2016-03-15, 1440, 0, https://github.com/LiuXingMing/SinaSpider
MITMf, Python, 2950, 301, 2014-07-07, 862, 2560, https://github.com/byt3bl33d3r/MITMf
Python-crawler-tutorial-starts-from-zero, Python, 2948, 135, 2019-03-28, 510, 0, https://github.com/Kr1s77/Python-crawler-tutorial-starts-from-zero
django-filter, Python, 2946, 79, 2009-01-30, 585, 10726, https://github.com/carltongibson/django-filter
SC-FEGAN, Python, 2943, 118, 2019-02-12, 460, 685, https://github.com/run-youngjoo/SC-FEGAN
imagededup, Python, 2934, 58, 2019-04-05, 221, 5156, https://github.com/idealo/imagededup
LSTM-Neural-Network-for-Time-Series-Prediction, Python, 2931, 223, 2016-12-18, 1329, 318, https://github.com/jaungiers/LSTM-Neural-Network-for-Time-Series-Prediction
django-haystack, Python, 2929, 123, 2009-01-29, 1099, 29062, https://github.com/django-haystack/django-haystack
algorithm-exercise, Python, 2928, 192, 2015-03-22, 776, 256, https://github.com/billryan/algorithm-exercise
pytube, Python, 2921, 132, 2012-03-18, 678, 734, https://github.com/nficano/pytube
microk8s, Python, 2919, 81, 2018-05-09, 292, 5164, https://github.com/ubuntu/microk8s
dotbot, Python, 2916, 52, 2014-03-20, 147, 873, https://github.com/anishathalye/dotbot
instantbox, Python, 2914, 82, 2018-12-11, 181, 309, https://github.com/instantbox/instantbox
python-oauth2, Python, 2914, 220, 2009-10-21, 795, 3207, https://github.com/joestump/python-oauth2
django-rest-framework-jwt, Python, 2913, 81, 2014-01-16, 498, 2092, https://github.com/jpadilla/django-rest-framework-jwt
intermediatePython, Python, 2910, 169, 2015-08-15, 563, 316, https://github.com/yasoob/intermediatePython
learn_math_fast, Python, 2904, 157, 2018-06-20, 575, 67, https://github.com/llSourcell/learn_math_fast
percol, Python, 2901, 92, 2011-02-27, 139, 126, https://github.com/mooz/percol
100-Days-of-ML-Code-Chinese-Version, Python, 2899, 261, 2018-08-05, 819, 68, https://github.com/Avik-Jain/100-Days-of-ML-Code-Chinese-Version
python-twitter, Python, 2898, 170, 2012-09-12, 871, 7008, https://github.com/bear/python-twitter
WiFi-Pumpkin, Python, 2896, 262, 2015-06-27, 661, 46317, https://github.com/P0cL4bs/WiFi-Pumpkin
headphones, Python, 2894, 213, 2011-05-21, 623, 198452, https://github.com/rembo10/headphones
python-dotenv, Python, 2887, 30, 2014-09-06, 187, 1616, https://github.com/theskumar/python-dotenv
splash, Python, 2885, 208, 2013-05-20, 384, 13809, https://github.com/scrapinghub/splash
imutils, Python, 2884, 158, 2015-01-11, 713, 2178, https://github.com/jrosebr1/imutils
scylla, Python, 2881, 90, 2018-04-10, 351, 2753, https://github.com/imWildCat/scylla
chnroutes, Python, 2879, 244, 2012-08-03, 584, 535, https://github.com/fivesheep/chnroutes
microblog, Python, 2872, 175, 2012-12-17, 1014, 1683, https://github.com/miguelgrinberg/microblog
huey, Python, 2872, 77, 2011-11-03, 256, 7598, https://github.com/coleifer/huey
algorithms, Python, 2872, 196, 2012-08-21, 684, 4294, https://github.com/nryoung/algorithms
transitions, Python, 2871, 102, 2014-10-12, 356, 8445, https://github.com/pytransitions/transitions
sistine, Python, 2864, 69, 2016-07-09, 163, 878, https://github.com/bijection/sistine
text-classification-cnn-rnn, Python, 2863, 100, 2017-08-28, 1178, 0, https://github.com/gaussic/text-classification-cnn-rnn
pipfile, Python, 2859, 92, 2016-11-18, 98, 488, https://github.com/pypa/pipfile
docker-registry, Python, 2858, 193, 2013-04-16, 837, 7855, https://github.com/docker-archive/docker-registry
golem, Python, 2856, 270, 2015-11-18, 278, 108107, https://github.com/golemfactory/golem
MonkeyType, Python, 2854, 46, 2017-07-11, 106, 6822, https://github.com/Instagram/MonkeyType
DeepVideoAnalytics, Python, 2845, 222, 2017-01-17, 674, 23630, https://github.com/AKSHAYUBHAT/DeepVideoAnalytics
securedrop, Python, 2843, 161, 2012-01-11, 543, 18920, https://github.com/freedomofpress/securedrop
plasma, Python, 2842, 155, 2015-03-09, 264, 15889, https://github.com/plasma-disassembler/plasma
blaze, Python, 2840, 210, 2012-10-26, 346, 33315, https://github.com/blaze/blaze
torchdiffeq, Python, 2839, 125, 2018-11-14, 466, 3350, https://github.com/rtqichen/torchdiffeq
neural-storyteller, Python, 2835, 137, 2015-10-28, 495, 1407, https://github.com/ryankiros/neural-storyteller
mlxtend, Python, 2831, 125, 2014-08-14, 603, 26868, https://github.com/rasbt/mlxtend
KnowledgeGraphData, Python, 2830, 115, 2019-10-11, 471, 10, https://github.com/ownthink/KnowledgeGraphData
pyalgotrade, Python, 2823, 338, 2012-03-07, 1057, 29106, https://github.com/gbeced/pyalgotrade
Crunch, Python, 2822, 63, 2016-04-10, 105, 1947, https://github.com/chrissimpkins/Crunch
sublime-text-git, Python, 2821, 109, 2011-09-27, 390, 2338, https://github.com/kemayo/sublime-text-git
easy-tensorflow, Python, 2818, 108, 2017-11-30, 330, 2187, https://github.com/easy-tensorflow/easy-tensorflow
webcam-pulse-detector, Python, 2819, 182, 2013-04-15, 460, 775, https://github.com/thearn/webcam-pulse-detector
elasticsearch-dsl-py, Python, 2816, 363, 2014-03-05, 604, 10911, https://github.com/elastic/elasticsearch-dsl-py
RocketMap, Python, 2812, 281, 2016-08-04, 1576, 12302, https://github.com/RocketMap/RocketMap
MachineLearning_Python, Python, 2811, 196, 2016-10-17, 1366, 0, https://github.com/lawlite19/MachineLearning_Python
activitywatch, Python, 2808, 96, 2016-04-27, 132, 339, https://github.com/ActivityWatch/activitywatch
Synonyms, Python, 2808, 154, 2017-09-25, 593, 88, https://github.com/huyingxi/Synonyms
listen1, Python, 2807, 130, 2016-04-22, 271, 1543, https://github.com/listen1/listen1
bullet, Python, 2805, 33, 2019-02-21, 85, 92, https://github.com/Mckinsey666/bullet
MarkdownEditing, Python, 2805, 105, 2012-05-17, 541, 1942, https://github.com/SublimeText-Markdown/MarkdownEditing
Tensorflow-Cookbook, Python, 2803, 120, 2019-02-16, 474, 1505, https://github.com/taki0112/Tensorflow-Cookbook
P4wnP1, Python, 2801, 274, 2017-02-22, 533, 5118, https://github.com/RoganDawes/P4wnP1
python-social-auth, Python, 2791, 123, 2012-12-12, 1096, 7855, https://github.com/omab/python-social-auth
usbkill, Python, 2783, 196, 2015-02-14, 385, 516, https://github.com/hephaest0s/usbkill
udemy-dl, Python, 2779, 116, 2017-05-01, 621, 4116, https://github.com/r0oth3x49/udemy-dl
caffe-tensorflow, Python, 2775, 132, 2015-11-10, 943, 8893, https://github.com/ethereon/caffe-tensorflow
deepfakes_faceswap, Python, 2774, 197, 2017-12-15, 958, 440, https://github.com/joshua-wu/deepfakes_faceswap
invoke, Python, 2773, 100, 2012-02-29, 237, 31984, https://github.com/pyinvoke/invoke
apprise, Python, 2772, 34, 2017-11-25, 80, 50029, https://github.com/caronc/apprise
pyTelegramBotAPI, Python, 2770, 152, 2015-06-26, 751, 2856, https://github.com/eternnoir/pyTelegramBotAPI
sampleproject, Python, 2767, 104, 2013-12-03, 1051, 226, https://github.com/pypa/sampleproject
text-detection-ctpn, Python, 2765, 135, 2017-09-20, 1167, 855, https://github.com/eragonruan/text-detection-ctpn
gef, Python, 2764, 123, 2015-03-26, 379, 11268, https://github.com/hugsy/gef
awesome-reactnative-ui, Python, 2764, 87, 2018-08-30, 253, 91, https://github.com/madhavanmalolan/awesome-reactnative-ui
geopy, Python, 2755, 95, 2010-03-04, 455, 12033, https://github.com/geopy/geopy
algorithm, Python, 2752, 231, 2014-05-26, 941, 0, https://github.com/qiwsir/algorithm
tqdm, Python, 2749, 72, 2013-10-26, 103, 126, https://github.com/noamraph/tqdm
cloud-custodian, Python, 2748, 151, 2016-03-01, 771, 148920, https://github.com/cloud-custodian/cloud-custodian
pybrain, Python, 2747, 254, 2009-07-02, 759, 38464, https://github.com/pybrain/pybrain
graphene-django, Python, 2746, 68, 2016-09-17, 482, 10359, https://github.com/graphql-python/graphene-django
pytesseract, Python, 2745, 86, 2010-10-27, 412, 827, https://github.com/madmaze/pytesseract
PyTricks, Python, 2742, 199, 2015-03-18, 381, 930, https://github.com/brennerm/PyTricks
Ghost.py, Python, 2742, 115, 2011-11-21, 356, 2382, https://github.com/jeanphix/Ghost.py
qiskit-terra, Python, 2734, 236, 2017-03-03, 1014, 88817, https://github.com/Qiskit/qiskit-terra
healthchecks, Python, 2733, 78, 2015-06-25, 351, 16013, https://github.com/healthchecks/healthchecks
chineseocr, Python, 2731, 166, 2018-05-01, 974, 0, https://github.com/chineseocr/chineseocr
fast-rcnn, Python, 2728, 193, 2015-04-01, 1311, 2780, https://github.com/rbgirshick/fast-rcnn
fbs, Python, 2726, 66, 2017-12-15, 110, 3525, https://github.com/mherrmann/fbs
camelot, Python, 2725, 89, 2016-06-18, 266, 4516, https://github.com/atlanhq/camelot
elasticsearch-py, Python, 2725, 349, 2013-05-01, 873, 14588, https://github.com/elastic/elasticsearch-py
sacred, Python, 2724, 83, 2014-03-31, 287, 17558, https://github.com/IDSIA/sacred
AdaBound, Python, 2722, 75, 2019-02-15, 299, 732, https://github.com/Luolc/AdaBound
adversarial, Python, 2722, 148, 2014-06-09, 856, 4698, https://github.com/goodfeli/adversarial
fcn.berkeleyvision.org, Python, 2716, 179, 2015-06-10, 1312, 2703, https://github.com/shelhamer/fcn.berkeleyvision.org
social_mapper, Python, 2713, 192, 2018-07-07, 590, 2514, https://github.com/Greenwolf/social_mapper
jsonschema, Python, 2712, 57, 2011-12-30, 396, 7491, https://github.com/Julian/jsonschema
pipreqs, Python, 2710, 57, 2015-04-22, 159, 1168, https://github.com/bndr/pipreqs
Flask-AppBuilder, Python, 2710, 155, 2013-11-09, 800, 33694, https://github.com/dpgaspar/Flask-AppBuilder
telepresence, Python, 2707, 56, 2017-02-23, 178, 12835, https://github.com/telepresenceio/telepresence
darts, Python, 2705, 101, 2018-06-25, 541, 3041, https://github.com/quark0/darts
lda2vec, Python, 2701, 122, 2015-12-25, 545, 2978, https://github.com/cemoody/lda2vec
paper-tips-and-tricks, Python, 2701, 60, 2015-07-09, 170, 185, https://github.com/Wookai/paper-tips-and-tricks
tmuxp, Python, 2700, 52, 2013-08-27, 162, 5593, https://github.com/tmux-python/tmuxp
pytorch-cifar, Python, 2698, 78, 2017-01-21, 1031, 1759, https://github.com/kuangliu/pytorch-cifar
doitlive, Python, 2697, 36, 2014-06-16, 82, 1890, https://github.com/sloria/doitlive
pylearn2, Python, 2697, 277, 2010-11-22, 1055, 118315, https://github.com/lisa-lab/pylearn2
awesome-iot, Python, 2696, 265, 2015-09-13, 554, 595, https://github.com/phodal/awesome-iot
isort, Python, 2696, 27, 2013-09-02, 282, 11967, https://github.com/timothycrosley/isort
coconut, Python, 2695, 72, 2014-10-04, 89, 11020, https://github.com/evhub/coconut
Awesome-WAF, Python, 2694, 166, 2019-01-08, 450, 62, https://github.com/0xInfection/Awesome-WAF
OUCML, Python, 2685, 122, 2018-11-27, 792, 14414, https://github.com/OUCMachineLearning/OUCML
responses, Python, 2683, 75, 2013-11-15, 223, 845, https://github.com/getsentry/responses
ASRT_SpeechRecognition, Python, 2680, 113, 2017-03-06, 880, 0, https://github.com/nl8590687/ASRT_SpeechRecognition
pylint, Python, 2677, 76, 2015-12-09, 554, 910, https://github.com/PyCQA/pylint
Detectron.pytorch, Python, 2673, 87, 2018-02-08, 504, 15148, https://github.com/roytseng-tw/Detectron.pytorch
python-cookbook, Python, 2673, 217, 2013-04-08, 1272, 9909, https://github.com/dabeaz/python-cookbook
ShadowSocksShare, Python, 2672, 229, 2017-08-27, 1032, 84, https://github.com/the0demiurge/ShadowSocksShare
wfuzz, Python, 2671, 140, 2014-10-22, 625, 10657, https://github.com/xmendez/wfuzz
python-ftfy, Python, 2670, 77, 2012-08-24, 87, 349, https://github.com/LuminosoInsight/python-ftfy
django-jet, Python, 2670, 106, 2015-07-29, 534, 5237, https://github.com/geex-arts/django-jet
DeepQA, Python, 2670, 213, 2016-07-07, 1060, 2596, https://github.com/Conchylicultor/DeepQA
mimesis, Python, 2667, 64, 2016-09-09, 230, 621, https://github.com/lk-geimfari/mimesis
ignite, Python, 2666, 61, 2017-11-23, 289, 32175, https://github.com/pytorch/ignite
pwndbg, Python, 2662, 116, 2015-02-22, 387, 30552, https://github.com/pwndbg/pwndbg
Chinese-BERT-wwm, Python, 2658, 98, 2019-06-19, 475, 0, https://github.com/ymcui/Chinese-BERT-wwm
molecule, Python, 2657, 121, 2015-11-18, 442, 19028, https://github.com/ansible-community/molecule
yellowbrick, Python, 2657, 93, 2016-05-18, 410, 44716, https://github.com/DistrictDataLabs/yellowbrick
yolact, Python, 2656, 96, 2018-06-26, 613, 2119, https://github.com/dbolya/yolact
toolz, Python, 2652, 77, 2013-09-13, 179, 7097, https://github.com/pytoolz/toolz
GitPython, Python, 2650, 103, 2010-11-30, 591, 13103, https://github.com/gitpython-developers/GitPython
DjangoBlog, Python, 2650, 136, 2016-11-02, 1324, 74, https://github.com/liangliangyy/DjangoBlog
diagrams, Python, 2649, 44, 2020-02-02, 135, 5352, https://github.com/mingrammer/diagrams
uncaptcha, Python, 2648, 140, 2017-09-27, 303, 1224, https://github.com/ecthros/uncaptcha
Nuitka, Python, 2645, 88, 2013-04-23, 194, 219389, https://github.com/Nuitka/Nuitka
pytorch-yolo-v3, Python, 2641, 83, 2018-04-06, 827, 1964, https://github.com/ayooshkathuria/pytorch-yolo-v3
python-instagram, Python, 2641, 245, 2011-02-02, 988, 1589, https://github.com/facebookarchive/python-instagram
Automatic_Speech_Recognition, Python, 2636, 151, 2016-11-13, 517, 3138, https://github.com/zzw922cn/Automatic_Speech_Recognition
ambassador, Python, 2636, 78, 2017-03-30, 389, 30911, https://github.com/datawire/ambassador
ansible-for-devops, Python, 2635, 238, 2014-04-25, 989, 1820, https://github.com/geerlingguy/ansible-for-devops
xunfeng, Python, 2633, 180, 2016-12-19, 1057, 62, https://github.com/ysrc/xunfeng
visidata, Python, 2633, 43, 2016-10-27, 95, 10512, https://github.com/saulpw/visidata
DAIN, Python, 2633, 92, 2019-03-22, 274, 8325, https://github.com/baowenbo/DAIN
tensorforce, Python, 2631, 153, 2017-03-19, 439, 26738, https://github.com/tensorforce/tensorforce
doccano, Python, 2627, 89, 2018-05-09, 547, 2138, https://github.com/doccano/doccano
tencent-ml-images, Python, 2625, 130, 2018-10-15, 461, 1560, https://github.com/Tencent/tencent-ml-images
ODM, Python, 2622, 233, 2014-09-25, 661, 9940, https://github.com/OpenDroneMap/ODM
convnet-benchmarks, Python, 2621, 289, 2014-07-12, 541, 2615, https://github.com/soumith/convnet-benchmarks
drawille, Python, 2618, 54, 2014-04-22, 110, 451, https://github.com/asciimoo/drawille
FreeWifi, Python, 2617, 82, 2017-01-13, 173, 164, https://github.com/kylemcdonald/FreeWifi
Home-AssistantConfig, Python, 2617, 204, 2016-10-11, 259, 3988, https://github.com/CCOSTAN/Home-AssistantConfig
DeleteFB, Python, 2613, 26, 2019-03-02, 175, 1094, https://github.com/weskerfoot/DeleteFB
WassersteinGAN, Python, 2612, 110, 2017-01-30, 624, 569, https://github.com/martinarjovsky/WassersteinGAN
google-maps-services-python, Python, 2610, 153, 2014-08-15, 890, 4920, https://github.com/googlemaps/google-maps-services-python
git-remote-dropbox, Python, 2610, 61, 2015-08-11, 121, 1125, https://github.com/anishathalye/git-remote-dropbox
autosub, Python, 2610, 115, 2015-06-29, 505, 625, https://github.com/agermanidis/autosub
curator, Python, 2609, 332, 2013-08-20, 556, 22680, https://github.com/elastic/curator
nova, Python, 2607, 460, 2010-07-22, 2139, 539525, https://github.com/openstack/nova
pydantic, Python, 2605, 48, 2017-05-03, 237, 17530, https://github.com/samuelcolvin/pydantic
formspree, Python, 2602, 66, 2014-12-12, 210, 5473, https://github.com/formspree/formspree
gif-for-cli, Python, 2601, 65, 2018-06-14, 139, 2530, https://github.com/google/gif-for-cli
pytorch3d, Python, 2601, 84, 2019-10-25, 231, 24853, https://github.com/facebookresearch/pytorch3d
pritunl, Python, 2598, 134, 2013-09-13, 381, 47914, https://github.com/pritunl/pritunl
netflix-proxy, Python, 2597, 141, 2015-03-17, 578, 1567, https://github.com/ab77/netflix-proxy
meson, Python, 2595, 99, 2014-05-14, 734, 70439, https://github.com/mesonbuild/meson
zerorpc-python, Python, 2594, 136, 2012-02-24, 322, 5881, https://github.com/0rpc/zerorpc-python
websockets, Python, 2594, 100, 2013-03-30, 287, 12129, https://github.com/aaugustin/websockets
python-slackclient, Python, 2592, 172, 2014-11-10, 557, 9753, https://github.com/slackapi/python-slackclient
pytorch-semseg, Python, 2592, 100, 2017-03-22, 666, 11793, https://github.com/meetshah1995/pytorch-semseg
char-rnn-tensorflow, Python, 2590, 151, 2015-11-27, 940, 412, https://github.com/sherjilozair/char-rnn-tensorflow
vyper, Python, 2590, 155, 2016-11-11, 411, 38886, https://github.com/vyperlang/vyper
ckan, Python, 2588, 195, 2011-11-10, 1239, 99735, https://github.com/ckan/ckan
freqtrade, Python, 2587, 238, 2017-05-17, 786, 17262, https://github.com/freqtrade/freqtrade
Blasting_dictionary, Python, 2585, 98, 2015-05-19, 1493, 0, https://github.com/rootphantomer/Blasting_dictionary
django-guardian, Python, 2580, 80, 2010-06-04, 468, 9376, https://github.com/django-guardian/django-guardian
dpark, Python, 2580, 272, 2012-04-11, 539, 20488, https://github.com/douban/dpark
katoolin, Python, 2578, 237, 2015-08-21, 803, 1630, https://github.com/LionSec/katoolin
neural-style-tf, Python, 2577, 139, 2016-10-08, 685, 858, https://github.com/cysmith/neural-style-tf
